"","game_id","away_team","home_team","spread_line","proj_result","spread_proj_diff","value_team","result"
"1","2024_01_NE_CIN","NE","CIN",8,3.3649963886258,4.6350036113742,"NE",-6
"2","2024_01_DEN_SEA","DEN","SEA",6,1.42699380673955,4.57300619326045,"DEN",6
"3","2024_01_NYJ_SF","NYJ","SF",4.5,8.78530848512023,-4.28530848512023,"SF",13
"4","2024_01_GB_PHI","GB","PHI",2,-2.02107107493096,4.02107107493096,"GB",5
"5","2024_01_BAL_KC","BAL","KC",3,-0.40371066991755,3.40371066991755,"BAL",7
"6","2024_01_HOU_IND","HOU","IND",-3,0.260275735044512,-3.26027573504451,"IND",-2
"7","2024_01_LA_DET","LA","DET",3.5,0.56294316631932,2.93705683368068,"LA",6
"8","2024_01_LV_LAC","LV","LAC",3,0.26404687825227,2.73595312174773,"LV",12
"9","2024_01_TEN_CHI","TEN","CHI",4,1.28536356009015,2.71463643990985,"TEN",7
"10","2024_01_PIT_ATL","PIT","ATL",3.5,0.940141655388218,2.55985834461178,"PIT",-8
"11","2024_01_WAS_TB","WAS","TB",3.5,5.71800077109601,-2.21800077109601,"TB",17
"12","2024_01_CAR_NO","CAR","NO",4,6.0105840021263,-2.0105840021263,"NO",37
"13","2024_01_DAL_CLE","DAL","CLE",2.5,0.76861042157068,1.73138957842932,"DAL",-16
"14","2024_01_JAX_MIA","JAX","MIA",3.5,1.82376924837732,1.67623075162268,"JAX",3
"15","2024_01_ARI_BUF","ARI","BUF",6.5,5.77860057306561,0.72139942693439,"ARI",6
"16","2024_01_MIN_NYG","MIN","NYG",-2,-2.68985581615717,0.689855816157174,"MIN",-22
"17","2024_02_IND_GB","IND","GB",-3,4.11004584315889,-7.11004584315889,"GB",6
"18","2024_02_NO_DAL","NO","DAL",6.5,0.31326830368822,6.18673169631178,"NO",-25
"19","2024_02_TB_DET","TB","DET",7,1.05657486471903,5.94342513528097,"TB",-4
"20","2024_02_NYJ_TEN","NYJ","TEN",-3.5,2.40387133728781,-5.90387133728781,"TEN",-7
"21","2024_02_SF_MIN","SF","MIN",-6,-0.76652300746569,-5.23347699253431,"MIN",6
"22","2024_02_LA_ARI","LA","ARI",1.5,-3.44002914136184,4.94002914136184,"LA",31
"23","2024_02_CHI_HOU","CHI","HOU",6.5,3.61427342430862,2.88572657569138,"CHI",6
"24","2024_02_SEA_NE","SEA","NE",-3.5,-0.665153266276936,-2.83484673372306,"NE",-3
"25","2024_02_ATL_PHI","ATL","PHI",6.5,3.89843292920234,2.60156707079766,"ATL",-1
"26","2024_02_NYG_WAS","NYG","WAS",1.5,4.00264621948315,-2.50264621948315,"WAS",3
"27","2024_02_BUF_MIA","BUF","MIA",2,-0.23715615323924,2.23715615323924,"BUF",-21
"28","2024_02_LV_BAL","LV","BAL",10,8.04748383992985,1.95251616007015,"LV",-3
"29","2024_02_CLE_JAX","CLE","JAX",3,1.70407491555946,1.29592508444054,"CLE",-5
"30","2024_02_LAC_CAR","LAC","CAR",-6.5,-5.71169618574281,-0.788303814257191,"CAR",-23
"31","2024_02_CIN_KC","CIN","KC",6,5.56196477191356,0.438035228086439,"CIN",1
"32","2024_02_PIT_DEN","PIT","DEN",-3,-3.09264014147048,0.0926401414704801,"PIT",-7
"33","2024_03_PHI_NO","PHI","NO",2.5,9.4805141928546,-6.9805141928546,"NO",-3
"34","2024_03_HOU_MIN","HOU","MIN",-2.5,3.15952479328123,-5.65952479328123,"MIN",27
"35","2024_03_CAR_LV","CAR","LV",5.5,10.9664392610984,-5.46643926109839,"LV",-14
"36","2024_03_GB_TEN","GB","TEN",3,-2.23902220197542,5.23902220197542,"GB",-16
"37","2024_03_NE_NYJ","NE","NYJ",6.5,1.48545106279972,5.01454893720028,"NE",21
"38","2024_03_DET_ARI","DET","ARI",-2.5,1.09744959774561,-3.59744959774561,"ARI",-7
"39","2024_03_WAS_CIN","WAS","CIN",7.5,4.04095780345035,3.45904219654965,"WAS",-5
"40","2024_03_SF_LA","SF","LA",-7,-4.42377848487666,-2.57622151512334,"LA",3
"41","2024_03_LAC_PIT","LAC","PIT",1.5,-0.39519478406149,1.89519478406149,"LAC",10
"42","2024_03_DEN_TB","DEN","TB",7,8.8251939385809,-1.8251939385809,"TB",-19
"43","2024_03_JAX_BUF","JAX","BUF",5.5,7.21961658198397,-1.71961658198397,"BUF",37
"44","2024_03_MIA_SEA","MIA","SEA",5,3.55722888399334,1.44277111600666,"MIA",21
"45","2024_03_KC_ATL","KC","ATL",-3.5,-2.77201731422071,-0.72798268577929,"ATL",-5
"46","2024_03_CHI_IND","CHI","IND",1,1.70962422443911,-0.70962422443911,"IND",5
"47","2024_03_NYG_CLE","NYG","CLE",6,6.37686857232128,-0.37686857232128,"CLE",-6
"48","2024_03_BAL_DAL","BAL","DAL",-1,-1.06134868476569,0.061348684765687,"BAL",-3
"49","2024_04_NO_ATL","NO","ATL",2,-6.26080963805633,8.26080963805633,"NO",2
"50","2024_04_KC_LAC","KC","LAC",-8,-1.22120950948328,-6.77879049051672,"LAC",-7
"51","2024_04_BUF_BAL","BUF","BAL",2.5,-4.01274747176116,6.51274747176116,"BUF",25
"52","2024_04_PHI_TB","PHI","TB",-2.5,2.04673254523372,-4.54673254523372,"TB",17
"53","2024_04_PIT_IND","PIT","IND",-1.5,-4.54314575305382,3.04314575305382,"PIT",3
"54","2024_04_DAL_NYG","DAL","NYG",-4.5,-1.85428829050614,-2.64571170949386,"NYG",-5
"55","2024_04_SEA_DET","SEA","DET",4,1.51589411585501,2.48410588414499,"SEA",13
"56","2024_04_CIN_CAR","CIN","CAR",-4.5,-6.85463045298593,2.35463045298593,"CIN",-10
"57","2024_04_DEN_NYJ","DEN","NYJ",7,4.77269028658256,2.22730971341744,"DEN",-1
"58","2024_04_JAX_HOU","JAX","HOU",6,3.87608086010467,2.12391913989533,"JAX",4
"59","2024_04_MIN_GB","MIN","GB",2.5,0.44369942888257,2.05630057111743,"MIN",-2
"60","2024_04_WAS_ARI","WAS","ARI",3.5,1.55172464249387,1.94827535750613,"WAS",-28
"61","2024_04_LA_CHI","LA","CHI",3,1.17762871624262,1.82237128375738,"LA",6
"62","2024_04_TEN_MIA","TEN","MIA",1,2.41785190981546,-1.41785190981546,"MIA",-19
"63","2024_04_CLE_LV","CLE","LV",1,-0.13132633584365,1.13132633584365,"CLE",4
"64","2024_04_NE_SF","NE","SF",10,8.92196852317178,1.07803147682822,"NE",17
"65","2024_05_NO_KC","NO","KC",5,-1.39661057703,6.39661057703,"NO",13
"66","2024_05_TB_ATL","TB","ATL",1.5,-2.70818408863693,4.20818408863693,"TB",6
"67","2024_05_CAR_CHI","CAR","CHI",3.5,7.70032078044726,-4.20032078044726,"CHI",26
"68","2024_05_BUF_HOU","BUF","HOU",-1,-3.88952396483036,2.88952396483036,"BUF",3
"69","2024_05_IND_JAX","IND","JAX",2.5,-0.11479110293845,2.61479110293845,"IND",3
"70","2024_05_MIA_NE","MIA","NE",1,-1.48832488477498,2.48832488477498,"MIA",-5
"71","2024_05_ARI_SF","ARI","SF",7.5,9.62920682657633,-2.12920682657633,"SF",-1
"72","2024_05_CLE_WAS","CLE","WAS",3,5.02133017956534,-2.02133017956534,"WAS",21
"73","2024_05_LV_DEN","LV","DEN",2.5,4.09227613508288,-1.59227613508288,"DEN",16
"74","2024_05_GB_LA","GB","LA",-3,-1.86398599378826,-1.13601400621174,"LA",-5
"75","2024_05_DAL_PIT","DAL","PIT",2.5,3.60770289571426,-1.10770289571426,"PIT",-3
"76","2024_05_BAL_CIN","BAL","CIN",-2.5,-1.56172605669708,-0.93827394330292,"CIN",-3
"77","2024_05_NYG_SEA","NYG","SEA",6,6.36221377138433,-0.36221377138433,"SEA",-9
"78","2024_05_NYJ_MIN","NYJ","MIN",2.5,2.51080145603601,-0.0108014560360097,"MIN",6
"79","2024_06_TB_NO","TB","NO",-2,3.76634658211879,-5.76634658211879,"NO",-24
"80","2024_06_LAC_DEN","LAC","DEN",-3,0.844964180934381,-3.84496418093438,"DEN",-7
"81","2024_06_CLE_PHI","CLE","PHI",8.5,5.05349425497133,3.44650574502867,"CLE",4
"82","2024_06_HOU_NE","HOU","NE",-7,-3.91422200858565,-3.08577799141435,"NE",-20
"83","2024_06_DET_DAL","DET","DAL",-3,-0.792972823733311,-2.20702717626669,"DAL",-38
"84","2024_06_WAS_BAL","WAS","BAL",6.5,4.75955526610847,1.74044473389153,"WAS",7
"85","2024_06_BUF_NYJ","BUF","NYJ",-2.5,-4.14914925351688,1.64914925351688,"BUF",-3
"86","2024_06_SF_SEA","SF","SEA",-3.5,-1.85502519169685,-1.64497480830315,"SEA",-12
"87","2024_06_JAX_CHI","JAX","CHI",2,3.27478491707763,-1.27478491707763,"CHI",19
"88","2024_06_ATL_CAR","ATL","CAR",-6,-4.96475930336019,-1.03524069663981,"CAR",-18
"89","2024_06_PIT_LV","PIT","LV",-3,-3.82285030034637,0.822850300346366,"PIT",-19
"90","2024_06_CIN_NYG","CIN","NYG",-3.5,-2.77790969915597,-0.72209030084403,"NYG",-10
"91","2024_06_ARI_GB","ARI","GB",5,5.49672751500873,-0.49672751500873,"GB",21
"92","2024_06_IND_TEN","IND","TEN",-1,-1.30051346195835,0.300513461958348,"IND",-3
"93","2024_07_NYJ_PIT","NYJ","PIT",-1.5,4.70699148210576,-6.20699148210576,"PIT",22
"94","2024_07_DEN_NO","DEN","NO",-2,3.51984295638643,-5.51984295638643,"NO",-23
"95","2024_07_CAR_WAS","CAR","WAS",7.5,12.1622261584354,-4.66222615843538,"WAS",33
"96","2024_07_MIA_IND","MIA","IND",3,6.72914445223812,-3.72914445223812,"IND",6
"97","2024_07_BAL_TB","BAL","TB",-3.5,-0.18161820060747,-3.31838179939253,"TB",-10
"98","2024_07_LV_LA","LV","LA",6.5,4.05438792707123,2.44561207292877,"LV",5
"99","2024_07_NE_JAX","NE","JAX",5.5,3.41987499855417,2.08012500144583,"NE",16
"100","2024_07_PHI_NYG","PHI","NYG",-3.5,-1.48744260655265,-2.01255739344735,"NYG",-25
"101","2024_07_DET_MIN","DET","MIN",2.5,0.591631530356381,1.90836846964362,"DET",-2
"102","2024_07_HOU_GB","HOU","GB",2.5,4.00654119296588,-1.50654119296588,"GB",2
"103","2024_07_KC_SF","KC","SF",1.5,2.65518242985981,-1.15518242985981,"SF",-10
"104","2024_07_TEN_BUF","TEN","BUF",8.5,9.63729964963972,-1.13729964963972,"BUF",24
"105","2024_07_CIN_CLE","CIN","CLE",-5.5,-6.17641676936026,0.676416769360261,"CIN",-7
"106","2024_07_LAC_ARI","LAC","ARI",-2.5,-3.08275539273943,0.58275539273943,"LAC",2
"107","2024_07_SEA_ATL","SEA","ATL",2.5,2.33933834629943,0.160661653700575,"SEA",-20
"108","2024_08_ATL_TB","ATL","TB",-2.5,4.67052930455706,-7.17052930455706,"TB",-5
"109","2024_08_CHI_WAS","CHI","WAS",-2.5,3.22235767269364,-5.72235767269364,"WAS",3
"110","2024_08_DAL_SF","DAL","SF",4.5,9.75186576378002,-5.25186576378002,"SF",6
"111","2024_08_CAR_DEN","CAR","DEN",8,12.0768171460204,-4.07681714602043,"DEN",14
"112","2024_08_ARI_MIA","ARI","MIA",3,-0.85514924405342,3.85514924405342,"ARI",-1
"113","2024_08_IND_HOU","IND","HOU",6,2.24536466151759,3.75463533848241,"IND",3
"114","2024_08_NO_LAC","NO","LAC",7,3.70871560250068,3.29128439749932,"NO",18
"115","2024_08_NYG_PIT","NYG","PIT",6,8.98607025797346,-2.98607025797346,"PIT",8
"116","2024_08_NYJ_NE","NYJ","NE",-7,-4.23355349963366,-2.76644650036634,"NE",3
"117","2024_08_MIN_LA","MIN","LA",-3.5,-5.35391644771084,1.85391644771084,"MIN",10
"118","2024_08_TEN_DET","TEN","DET",10.5,12.1044310718626,-1.60443107186264,"DET",38
"119","2024_08_BUF_SEA","BUF","SEA",-3,-4.39622427533369,1.39622427533369,"BUF",-21
"120","2024_08_GB_JAX","GB","JAX",-4.5,-5.51228104880584,1.01228104880584,"GB",-3
"121","2024_08_BAL_CLE","BAL","CLE",-11.5,-10.5194850036728,-0.98051499632718,"CLE",5
"122","2024_08_PHI_CIN","PHI","CIN",2.5,1.79102684638596,0.70897315361404,"PHI",-20
"123","2024_08_KC_LV","KC","LV",-9.5,-9.16399932657642,-0.33600067342358,"LV",-7
"124","2024_09_MIA_BUF","MIA","BUF",6,14.743559107344,-8.74355910734398,"BUF",3
"125","2024_09_TB_KC","TB","KC",8.5,3.88807075500794,4.61192924499206,"TB",6
"126","2024_09_DAL_ATL","DAL","ATL",2.5,6.86086584991818,-4.36086584991818,"ATL",6
"127","2024_09_WAS_NYG","WAS","NYG",-3.5,-7.61371269594932,4.11371269594932,"WAS",-5
"128","2024_09_LAC_CLE","LAC","CLE",-2,-5.61181297330328,3.61181297330328,"LAC",-17
"129","2024_09_DEN_BAL","DEN","BAL",9,6.20579009120527,2.79420990879473,"DEN",31
"130","2024_09_LA_SEA","LA","SEA",-1,1.51654742623324,-2.51654742623324,"SEA",-6
"131","2024_09_HOU_NYJ","HOU","NYJ",2,-0.0150398663335651,2.01503986633357,"HOU",8
"132","2024_09_DET_GB","DET","GB",-3.5,-1.6606978911483,-1.8393021088517,"GB",-10
"133","2024_09_LV_CIN","LV","CIN",7.5,8.79962385998306,-1.29962385998306,"CIN",17
"134","2024_09_IND_MIN","IND","MIN",6,5.21227418578826,0.787725814211741,"IND",8
"135","2024_09_NO_CAR","NO","CAR",-7,-6.39634023603148,-0.603659763968521,"CAR",1
"136","2024_09_CHI_ARI","CHI","ARI",-1,-1.4588590582843,0.4588590582843,"CHI",20
"137","2024_09_NE_TEN","NE","TEN",3.5,3.70701169711955,-0.20701169711955,"TEN",3
"138","2024_09_JAX_PHI","JAX","PHI",7.5,7.70260194873823,-0.20260194873823,"PHI",5
"139","2024_10_SF_TB","SF","TB",-5,-1.0177348606438,-3.9822651393562,"TB",-3
"140","2024_10_NE_CHI","NE","CHI",6,9.60203284690773,-3.60203284690773,"CHI",-16
"141","2024_10_BUF_IND","BUF","IND",-4,-7.49322629015374,3.49322629015374,"BUF",-10
"142","2024_10_MIA_LA","MIA","LA",2.5,4.99800767401602,-2.49800767401602,"LA",-8
"143","2024_10_ATL_NO","ATL","NO",-3.5,-1.03743599074602,-2.46256400925398,"NO",3
"144","2024_10_MIN_JAX","MIN","JAX",-4,-6.31085670707401,2.31085670707401,"MIN",-5
"145","2024_10_DET_HOU","DET","HOU",-3.5,-4.91210576854388,1.41210576854388,"DET",-3
"146","2024_10_TEN_LAC","TEN","LAC",7.5,8.70435591420227,-1.20435591420227,"LAC",10
"147","2024_10_DEN_KC","DEN","KC",8,6.79959354826635,1.20040645173365,"DEN",2
"148","2024_10_CIN_BAL","CIN","BAL",6,7.07124375756124,-1.07124375756124,"BAL",1
"149","2024_10_PHI_DAL","PHI","DAL",-7,-5.9366744522516,-1.0633255477484,"DAL",-28
"150","2024_10_NYJ_ARI","NYJ","ARI",1,0.413436579596674,0.586563420403326,"NYJ",25
"151","2024_10_PIT_WAS","PIT","WAS",2.5,3.04074232699545,-0.54074232699545,"WAS",-1
"152","2024_10_NYG_CAR","NYG","CAR",-5.5,-5.06294305568936,-0.43705694431064,"CAR",3
"153","2024_11_CLE_NO","CLE","NO",1,6.26669142427831,-5.26669142427831,"NO",21
"154","2024_11_GB_CHI","GB","CHI",-6.5,-2.83109069893574,-3.66890930106426,"CHI",-1
"155","2024_11_ATL_DEN","ATL","DEN",2.5,-0.0183919613065158,2.51839196130652,"ATL",32
"156","2024_11_SEA_SF","SEA","SF",6.5,8.88232328748791,-2.38232328748791,"SF",-3
"157","2024_11_CIN_LAC","CIN","LAC",1,3.2759952061819,-2.2759952061819,"LAC",7
"158","2024_11_HOU_DAL","HOU","DAL",-7,-4.83218331128214,-2.16781668871786,"DAL",-24
"159","2024_11_KC_BUF","KC","BUF",2.5,4.5488348699274,-2.0488348699274,"BUF",9
"160","2024_11_MIN_TEN","MIN","TEN",-6,-7.71892599111142,1.71892599111142,"MIN",-10
"161","2024_11_LV_MIA","LV","MIA",7.5,5.83539871240554,1.66460128759446,"LV",15
"162","2024_11_IND_NYJ","IND","NYJ",3.5,1.99621352459287,1.50378647540713,"IND",-1
"163","2024_11_WAS_PHI","WAS","PHI",3.5,2.51896556035526,0.981034439644739,"WAS",8
"164","2024_11_LA_NE","LA","NE",-4.5,-3.75188128077355,-0.748118719226447,"NE",-6
"165","2024_11_BAL_PIT","BAL","PIT",-3,-2.52735425836351,-0.47264574163649,"PIT",2
"166","2024_11_JAX_DET","JAX","DET",13,12.6581254301291,0.34187456987088,"JAX",46
"167","2024_12_PIT_CLE","PIT","CLE",-4,-7.32457227762118,3.32457227762118,"PIT",5
"168","2024_12_SF_GB","SF","GB",2.5,-0.07016293812545,2.57016293812545,"SF",28
"169","2024_12_DAL_WAS","DAL","WAS",10.5,12.6672875366291,-2.16728753662909,"WAS",-8
"170","2024_12_DEN_LV","DEN","LV",-5.5,-7.48898110785769,1.98898110785769,"DEN",-10
"171","2024_12_DET_IND","DET","IND",-7.5,-9.08620186941637,1.58620186941637,"DET",-18
"172","2024_12_ARI_SEA","ARI","SEA",1,-0.500027925398162,1.50002792539816,"ARI",10
"173","2024_12_PHI_LA","PHI","LA",-3,-4.36473363246183,1.36473363246183,"PHI",-17
"174","2024_12_NE_MIA","NE","MIA",7,6.00233343958109,0.99766656041891,"NE",19
"175","2024_12_KC_CAR","KC","CAR",-10.5,-11.4611284327701,0.96112843277006,"KC",-3
"176","2024_12_TB_NYG","TB","NYG",-5,-4.09114388026185,-0.90885611973815,"NYG",-23
"177","2024_12_MIN_CHI","MIN","CHI",-3,-3.49507929148889,0.49507929148889,"MIN",-3
"178","2024_12_BAL_LAC","BAL","LAC",-3,-2.64509888637111,-0.354901113628889,"LAC",-7
"179","2024_12_TEN_HOU","TEN","HOU",8,7.72059133292023,0.27940866707977,"TEN",-5
"180","2024_13_MIA_GB","MIA","GB",3.5,8.57397711277008,-5.07397711277008,"GB",13
"181","2024_13_CLE_DEN","CLE","DEN",5.5,10.1862540245056,-4.68625402450562,"DEN",9
"182","2024_13_TB_CAR","TB","CAR",-6,-10.6228859424591,4.6228859424591,"TB",-3
"183","2024_13_TEN_WAS","TEN","WAS",5.5,10.1108150482178,-4.61081504821778,"WAS",23
"184","2024_13_LA_NO","LA","NO",-3,1.4562817811966,-4.4562817811966,"NO",-7
"185","2024_13_SEA_NYJ","SEA","NYJ",-2.5,1.46435630321503,-3.96435630321503,"NYJ",-5
"186","2024_13_ARI_MIN","ARI","MIN",3.5,6.80565166473388,-3.30565166473388,"MIN",1
"187","2024_13_NYG_DAL","NYG","DAL",4,0.7387547492981,3.2612452507019,"NYG",7
"188","2024_13_HOU_JAX","HOU","JAX",-5,-7.20648455619812,2.20648455619812,"HOU",-3
"189","2024_13_SF_BUF","SF","BUF",6.5,4.4943790435791,2.0056209564209,"SF",25
"190","2024_13_PIT_CIN","PIT","CIN",3,1.04248261451721,1.95751738548279,"PIT",-6
"191","2024_13_CHI_DET","CHI","DET",10.5,9.03603334724903,1.46396665275097,"CHI",3
"192","2024_13_PHI_BAL","PHI","BAL",2.5,1.35903644561768,1.14096355438232,"PHI",-5
"193","2024_13_IND_NE","IND","NE",-3,-2.05889225006103,-0.94110774993897,"NE",-1
"194","2024_13_LAC_ATL","LAC","ATL",-1.5,-0.782869443297383,-0.717130556702617,"ATL",-4
"195","2024_13_LV_KC","LV","KC",13,12.9182839393616,0.0817160606384313,"LV",2
"196","2024_14_CAR_PHI","CAR","PHI",12,15.9405959653709,-3.94059596537087,"PHI",6
"197","2024_14_BUF_LA","BUF","LA",-4,-7.77685577474607,3.77685577474607,"BUF",2
"198","2024_14_CLE_PIT","CLE","PIT",6.5,10.2071663080299,-3.70716630802986,"PIT",13
"199","2024_14_LV_TB","LV","TB",7,10.4893943002192,-3.48939430021919,"TB",15
"200","2024_14_GB_DET","GB","DET",3.5,6.34673236491467,-2.84673236491467,"DET",3
"201","2024_14_NYJ_MIA","NYJ","MIA",6,3.3680610549462,2.6319389450538,"NYJ",6
"202","2024_14_NO_NYG","NO","NYG",-5,-2.93772896194808,-2.06227103805192,"NYG",-3
"203","2024_14_ATL_MIN","ATL","MIN",5,6.31085353926232,-1.31085353926232,"MIN",21
"204","2024_14_LAC_KC","LAC","KC",4,2.92459408218426,1.07540591781574,"LAC",2
"205","2024_14_JAX_TEN","JAX","TEN",3.5,3.19899854019044,0.30100145980956,"JAX",-4
"206","2024_14_CIN_DAL","CIN","DAL",-5.5,-5.22501325251609,-0.274986747483907,"DAL",-7
"207","2024_14_SEA_ARI","SEA","ARI",2.5,2.25128466872663,0.248715331273372,"SEA",-12
"208","2024_14_CHI_SF","CHI","SF",3.5,3.29235693864587,0.207643061354129,"CHI",25
"209","2024_15_BAL_NYG","BAL","NYG",-15,-11.4812183649846,-3.51878163501541,"NYG",-21
"210","2024_15_WAS_NO","WAS","NO",-7.5,-4.27575835707317,-3.22424164292683,"NO",-1
"211","2024_15_LA_SF","LA","SF",2.5,5.66495430269987,-3.16495430269987,"SF",-6
"212","2024_15_KC_CLE","KC","CLE",-4,-7.01536408418632,3.01536408418632,"KC",-14
"213","2024_15_TB_LAC","TB","LAC",3,0.52009711491306,2.47990288508694,"TB",-23
"214","2024_15_IND_DEN","IND","DEN",4,6.25027018607609,-2.25027018607609,"DEN",18
"215","2024_15_DAL_CAR","DAL","CAR",1,-0.69821238154178,1.69821238154178,"DAL",-16
"216","2024_15_NYJ_JAX","NYJ","JAX",-3.5,-2.21083015362015,-1.28916984637985,"JAX",-7
"217","2024_15_NE_ARI","NE","ARI",6,7.01979581605728,-1.01979581605728,"ARI",13
"218","2024_15_CHI_MIN","CHI","MIN",7,7.96271020809418,-0.96271020809418,"MIN",18
"219","2024_15_BUF_DET","BUF","DET",1.5,1.1349374973736,0.365062502626399,"BUF",-6
"220","2024_15_PIT_PHI","PIT","PHI",4.5,4.7077970691585,-0.2077970691585,"PHI",14
"221","2024_15_GB_SEA","GB","SEA",-2.5,-2.70693152458834,0.206931524588335,"GB",-17
"222","2024_15_CIN_TEN","CIN","TEN",-4.5,-4.68909113161218,0.189091131612183,"CIN",-10
"223","2024_15_MIA_HOU","MIA","HOU",3,2.84534509307298,0.154654906927017,"MIA",8
"224","2024_15_ATL_LV","ATL","LV",-4.5,-4.49744521398713,-0.00255478601286985,"LV",-6
"225","2024_16_HOU_KC","HOU","KC",-2.5,3.28853012070856,-5.78853012070856,"KC",8
"226","2024_16_NO_GB","NO","GB",13.5,8.73587751139547,4.76412248860453,"NO",34
"227","2024_16_LA_NYJ","LA","NYJ",-3.5,0.553072612000126,-4.05307261200013,"NYJ",-10
"228","2024_16_SF_MIA","SF","MIA",1.5,-2.52754537780717,4.02754537780717,"SF",12
"229","2024_16_NE_BUF","NE","BUF",14,17.6377519879864,-3.63775198798644,"BUF",3
"230","2024_16_DEN_LAC","DEN","LAC",3,-0.48526560722813,3.48526560722813,"DEN",7
"231","2024_16_ARI_CAR","ARI","CAR",-4,-7.48360200405278,3.48360200405278,"ARI",6
"232","2024_16_TB_DAL","TB","DAL",-4,-7.12652044628013,3.12652044628013,"TB",2
"233","2024_16_NYG_ATL","NYG","ATL",10,7.1480698028397,2.8519301971603,"NYG",27
"234","2024_16_DET_CHI","DET","CHI",-6.5,-9.14774770011449,2.64774770011449,"DET",-17
"235","2024_16_CLE_CIN","CLE","CIN",7,9.15614732990885,-2.15614732990885,"CIN",18
"236","2024_16_MIN_SEA","MIN","SEA",-3,-4.9994118721878,1.9994118721878,"MIN",-3
"237","2024_16_PHI_WAS","PHI","WAS",-3.5,-1.52923441664502,-1.97076558335498,"WAS",3
"238","2024_16_JAX_LV","JAX","LV",-1.5,-0.0883440928358397,-1.41165590716416,"LV",5
"239","2024_16_PIT_BAL","PIT","BAL",6,7.16126942200216,-1.16126942200216,"BAL",17
"240","2024_16_TEN_IND","TEN","IND",4,4.68648487596239,-0.68648487596239,"IND",8
"241","2024_17_LV_NO","LV","NO",1,5.83831952701272,-4.83831952701272,"NO",-15
"242","2024_17_CAR_TB","CAR","TB",8,12.7604580251115,-4.76045802511154,"TB",34
"243","2024_17_DAL_PHI","DAL","PHI",9,13.4724079385965,-4.47240793859647,"PHI",34
"244","2024_17_ARI_LA","ARI","LA",6,1.54872025123354,4.45127974876646,"ARI",4
"245","2024_17_IND_NYG","IND","NYG",-8,-4.07033237419099,-3.92966762580901,"NYG",12
"246","2024_17_NYJ_BUF","NYJ","BUF",9.5,12.2924079267049,-2.79240792670486,"BUF",26
"247","2024_17_SEA_CHI","SEA","CHI",-3.5,-0.991731694256547,-2.50826830574345,"CHI",-3
"248","2024_17_DEN_CIN","DEN","CIN",3.5,0.99443619218685,2.50556380781315,"DEN",6
"249","2024_17_KC_PIT","KC","PIT",-3,-1.09086817943802,-1.90913182056198,"PIT",-19
"250","2024_17_MIA_CLE","MIA","CLE",-6.5,-4.78787900101865,-1.71212099898135,"CLE",-17
"251","2024_17_GB_MIN","GB","MIN",1.5,-0.00202646889817082,1.50202646889817,"GB",2
"252","2024_17_ATL_WAS","ATL","WAS",4,5.29169978515036,-1.29169978515036,"WAS",6
"253","2024_17_DET_SF","DET","SF",-3.5,-4.70057105529174,1.20057105529174,"DET",-6
"254","2024_17_LAC_NE","LAC","NE",-4,-5.18384272700942,1.18384272700942,"LAC",-33
"255","2024_17_BAL_HOU","BAL","HOU",-5.5,-5.16495686433249,-0.33504313566751,"HOU",-29
"256","2024_17_TEN_JAX","TEN","JAX",1,0.74544880634933,0.25455119365067,"TEN",7
"257","2024_18_NYG_PHI","NYG","PHI",3,16.7362899780273,-13.7362899780273,"PHI",7
"258","2024_18_BUF_NE","BUF","NE",-2.5,-15.0109148025513,12.5109148025513,"BUF",7
"259","2024_18_KC_DEN","KC","DEN",10,-0.61466765403748,10.6146676540375,"KC",38
"260","2024_18_HOU_TEN","HOU","TEN",1,-4.67635292559862,5.67635292559862,"HOU",-9
"261","2024_18_SEA_LA","SEA","LA",-3,2.28813672065735,-5.28813672065735,"LA",-5
"262","2024_18_WAS_DAL","WAS","DAL",-4,-8.69994473457337,4.69994473457337,"WAS",-4
"263","2024_18_NO_TB","NO","TB",13.5,10.0173783302307,3.48262166976928,"NO",8
"264","2024_18_SF_ARI","SF","ARI",3,-0.027180910110477,3.02718091011048,"SF",23
"265","2024_18_CAR_ATL","CAR","ATL",8.5,10.4018592834473,-1.90185928344727,"ATL",-6
"266","2024_18_LAC_LV","LAC","LV",-5.5,-7.29193639755249,1.79193639755249,"LAC",-14
"267","2024_18_CIN_PIT","CIN","PIT",-1.5,0.00693553686142279,-1.50693553686142,"PIT",-2
"268","2024_18_CHI_GB","CHI","GB",9.5,10.8628067970276,-1.36280679702759,"GB",-2
"269","2024_18_MIN_DET","MIN","DET",2.5,3.8005051612854,-1.3005051612854,"DET",22
"270","2024_18_JAX_IND","JAX","IND",4.5,5.4046733379364,-0.9046733379364,"IND",3
"271","2024_18_MIA_NYJ","MIA","NYJ",-1.5,-1.10181609541178,-0.398183904588221,"NYJ",12
"272","2024_18_CLE_BAL","CLE","BAL",17.5,17.1644115447998,0.335588455200202,"CLE",25
"273","2024_19_DEN_BUF","DEN","BUF",8.5,5.94476179159532,2.55523820840468,"DEN",24
"274","2024_19_GB_PHI","GB","PHI",5.5,3.39753231390596,2.10246768609404,"GB",12
"275","2024_19_PIT_BAL","PIT","BAL",9.5,11.2381923631346,-1.73819236313464,"BAL",14
"276","2024_19_WAS_TB","WAS","TB",3.5,1.9774769351231,1.5225230648769,"WAS",-3
"277","2024_19_MIN_LA","MIN","LA",-2.5,-3.80669725844527,1.30669725844527,"MIN",18
"278","2024_19_LAC_HOU","LAC","HOU",-3,-1.83161276946878,-1.16838723053122,"HOU",20
"279","2024_20_HOU_KC","HOU","KC",8.5,3.04396712779999,5.45603287220001,"HOU",9
"280","2024_20_LA_PHI","LA","PHI",6,9.72519543766976,-3.72519543766976,"PHI",6
"281","2024_20_WAS_DET","WAS","DET",9.5,6.14739894866943,3.35260105133057,"WAS",-14
"282","2024_20_BAL_BUF","BAL","BUF",-1.5,1.82699489593506,-3.32699489593506,"BUF",2
"283","2024_21_BUF_KC","BUF","KC",1.5,-4.32683086395264,5.82683086395264,"BUF",3
"284","2024_21_WAS_PHI","WAS","PHI",5.5,4.34671449661255,1.15328550338745,"WAS",32
"285","2024_22_KC_PHI","KC","PHI",-1.5,5.38831400871276,-6.88831400871276,"PHI",18
