"","season","team","next_ranking","mean_epa","success_rate","pass_epa","pass_sr","rush_epa","rush_sr","ed_epa","ed_sr","ld_epa","ld_sr","ypa","plays_off","exp_play","to_rate","mean_epa_diff","success_rate_diff","pass_epa_diff","pass_sr_diff","rush_epa_diff","rush_sr_diff","ed_epa_diff","ed_sr_diff","led_epa_diff","ld_sr_diff","ypa_diff","exp_play_diff","to_rate_diff","mean_epa_allowed","success_rate_allowed","pass_epa_allowed","pass_sr_allowed","rush_epa_allowed","rush_sr_allowed","ed_epa_allowed","ed_sr_allowed","ld_epa_allowed","ld_sr_allowed","ypa_allowed","plays_def","exp_play_allowed","to_forced_rate","mean_epa_allowed_diff","success_rate_allowed_diff","pass_epa_allowed_diff","pass_sr_allowed_diff","rush_epa_allowed_diff","rush_sr_allowed_diff","ed_epa_allowed_diff","ed_sr_allowed_diff","ld_epa_allowed_diff","ld_sr_allowed_diff","ypa_allowed_diff","exp_play_allowed_diff","to_forced_rate_diff","tot_plays","off_sos","def_sos","mean_epa_season","mean_epa_allowed_season","adj_mean_epa","adj_mean_epa_allowed","ranking","off_sos_wk","def_sos_wk","mean_epa_season_wk","mean_epa_allowed_season_wk","mean_epa_wk","success_rate_wk","ypa_wk","pass_epa_wk","pass_sr_wk","rush_epa_wk","rush_sr_wk","ed_epa_wk","ed_sr_wk","ld_epa_wk","ld_sr_wk","exp_play_wk","to_rate_wk","mean_epa_allowed_wk","success_rate_allowed_wk","ypa_allowed_wk","pass_epa_allowed_wk","pass_sr_allowed_wk","rush_epa_allowed_wk","rush_sr_allowed_wk","ed_epa_allowed_wk","ed_sr_allowed_wk","ld_epa_allowed_wk","ld_sr_allowed_wk","exp_play_allowed_wk","to_forced_rate_wk","adj_mean_epa_wk","adj_mean_epa_allowed_wk","raw_ranking_wk","ranking_wk","draft_value_added","dv_off","dv_def","dv_qb","dv_t1","dv_t2","dv_t3","dv_t4","avg_to_epa","tot_to_epa","fum_lost_rate","ints","fumbles","sacks","tos","sacks_pct","avg_to_forced_epa","tot_to_forced_epa","fum_lost_rate_forced","ints_forced","fumbles_forced","sacks_forced","tos_forced","sacks_forced_pct","net_tos","net_to_epa_tot","net_to_epa_avg","value_added","va_off","va_def","value_lost","vl_off","vl_def","net_value","net_value_off","net_value_def","tot_injured_value_lost","tot_injured_value_lost_off","tot_injured_value_lost_def"
"1",2024,"LA",7.79344940185547,0.0339705144680813,0.473880597014925,0.107591779377628,0.5,-0.0709647726201865,0.436651583710407,0.0645689928668449,0.47841726618705,-0.0583168741075448,0.465811965811966,5.2714552238806,1072,0.0792910447761194,0.0447761194029851,0.0513018859531213,-0.00629631693319221,0.0830129084903851,-0.0158730158730159,0.0174877997998841,0.0114380762675318,0.0291927629052015,-0.0134631317315659,0.13102005868535,0.018859649122807,0.463824037443584,0.00951412492338552,-0.00947233520922717,0.049738395842617,0.455040871934605,0.120100883191105,0.484662576687117,-0.0524360846723365,0.412026726057906,0.0384107644223373,0.449477351916376,0.0906903598953316,0.474789915966387,5.46321525885559,1101,0.0899182561307902,0.0517711171662125,0.0438745763547436,0.009552495697074,0.0479821616699117,0.0160637973137973,0.00788852506289044,-0.0125734943588113,-0.00333597429338897,-0.00217191636501157,0.210570499253232,0.0486215538847117,-0.186323315238978,-0.0118164967562558,-0.025797696279624,2173,-0.00734394931774003,0.0295987077035099,0.0137468088645295,0.0128735054844078,0.0541879692702292,0.0338864970036366,0.630802535421473,0.00194053315179408,0.00833150889816433,0.0153395317206857,0.0156560261546922,0.125064024812846,0.515328467153285,5.78832116788321,0.23415632735573,0.538834951456311,-0.0395734427610315,0.47985347985348,0.113108310052847,0.523191094619666,0.169201903276129,0.486301369863014,0.106569343065693,0.0306569343065693,-0.133970873678289,0.422666666666667,4.56666666666667,-0.13018865057137,0.446088794926004,-0.14042932685364,0.382671480144404,-0.115816066813883,0.427549194991055,-0.179063354019871,0.412698412698413,0.0666666666666667,0.0666666666666667,0.138779517815744,-0.126962850855767,1.50707016935136,1.68329246702973,3444,1865,1579,0,1188,218,2038,0,-2.42401438358474,-130.896776713576,0.583333333333333,9,12,33,54,0.611111111111111,-2.41346601968642,-171.356087397736,0.5,14,12,45,71,0.633802816901408,-17,40.4593106841597,0.323674485473277,45.654892,33.63,12.024892,66.703833,42.774833,23.929,-21.048941,-9.144833,-11.904108,45.4873781469298,36.6255484035088,8.79731148026316
"2",2024,"KC",7.7704644203186,0.0692216242658024,0.476744186046512,0.140110609059715,0.497913769123783,-0.0585206816660855,0.43859649122807,0.0116944605620315,0.459396751740139,0.272453350097228,0.539370078740158,5.01073345259392,1118,0.0581395348837209,0.0527728085867621,-0.00970823054418504,-0.0652212193880328,0.00232759044489997,-0.0600231550291784,-0.0921501223444002,-0.0949425287356322,0.0593230790769065,-0.048535745047373,-0.280438920681213,-0.133808095952024,-0.372725613680095,-0.00070756906802588,-0.00405651587868232,0.00574733229934577,0.435393258426966,0.0705767635526589,0.462536023054755,-0.114551131042364,0.385026737967914,-0.00329595517376112,0.423832923832924,0.0348602336285713,0.476,5.11142322097378,1068,0.0767790262172285,0.0580524344569288,0.0884734079213346,0.00111482720178374,0.0860674908584056,-0.0316238244514107,0.103415694250088,0.0667247386759582,0.00788715372153729,-0.0199844024176253,0.336281407452658,0.0687564499484004,0.445325688803949,0.0456760630673674,0.00392843871104741,2186,-0.00714037851444338,0.0243919829135221,0.0137468088645295,0.0128735054844078,0.0892355082646536,-0.00489784174964677,4.16236185270815,0.0143275469927603,0.0348155478236628,0.0153395317206857,0.0156560261546922,0.14543240554523,0.486737400530504,5.5079575596817,0.233790708426201,0.516898608349901,-0.031636225327792,0.426294820717131,0.0903373534847379,0.478485370051635,0.329476655332179,0.511764705882353,0.0782493368700265,0.0477453580901857,0.000973557363694997,0.449675324675325,5.24675324675325,0.0240008045393816,0.466494845360825,-0.0382131615142277,0.421052631578947,0.0152880705613845,0.448051948051948,-0.0419699822293734,0.454545454545455,0.0795454545454545,0.051948051948052,0.146760884707162,-0.0185024587392822,0.931609666896325,1.11753221508046,4982,2015,2967,0,3021,1271,690,0,-2.21944281988839,-155.360997392187,0.5,13,8,50,70,0.714285714285714,-2.10942738730876,-151.878771886231,0.3125,14,16,42,72,0.583333333333333,-2,-3.48222550595617,-0.0245227148306772,36.1435,19.825,16.3185,67.408667,34.085,32.068667,-31.265167,-14.26,-15.750167,41.5898186562715,22.5968500888889,16.8826202401099
"3",2024,"IND",7.09704494476318,-0.0473069610959294,0.405027932960894,-0.0281396162539506,0.41887417218543,-0.0719390382971107,0.387234042553191,-0.0601513625619546,0.401719901719902,0.00349228591530547,0.419607843137255,5.31284916201117,1074,0.102420856610801,0.0614525139664804,-0.0110857311702148,0.0427406153760786,-0.0807342374716764,0.0478295289616044,0.0858287203952281,0.0417640186915888,-0.0854341334091432,0.0447092630155511,0.229811747522052,0.0384615384615384,-0.0654218572260916,-0.0317051854729073,-0.00486918403018616,0.0061829808294839,0.433597185576077,0.102745650020353,0.482115085536547,-0.119504865910857,0.370445344129555,-0.0122921843582385,0.416953035509737,0.0636916067485152,0.486486486486487,5.41952506596306,1137,0.0967458223394899,0.0571679859278804,0.0609791848596145,0.0128192279022569,0.0419942731816288,0.0240530450338337,0.0627922285227713,-0.0139877796293491,0.0932679086616194,0.0149484536082474,-0.0870552824579454,-0.0147946859903382,-0.125633444623316,-0.0140782871782665,0.00382102566351171,2211,0.00586438803756994,-0.00992513713854286,0.0137468088645295,0.0128735054844078,-0.0402978436490915,0.0298549268325563,-3.62060753801062,0.0146113332423271,-0.0191345598283172,0.0153395317206857,0.0156560261546922,0.163766591060755,0.498559077809798,6.10662824207493,0.156981993364025,0.504761904761905,0.174166339355011,0.489051094890511,0.14396959941927,0.503717472118959,0.25423066918521,0.48993288590604,0.0965417867435159,0.0432276657060519,-0.0140186116850713,0.462151394422311,5.0199203187251,0.0229582415499328,0.475247524752475,-0.0893142200869949,0.435483870967742,-0.00595127924006674,0.450171821305842,-0.0610200600067847,0.494047619047619,0.0770252324037185,0.0624169986719788,0.16481128397312,0.0204554798639316,1.12707213199751,1.01816505450587,5440,3009,2431,344,1957,1019,2120,0,-2.77072440536038,-160.702015510902,0.583333333333333,19,12,27,58,0.46551724137931,-2.55634054167187,-163.605794666999,0.529411764705882,16,17,31,64,0.484375,-6,2.9037791560975,0.0238014684926025,45.852,17.9205,26.6765,76.902833,40.3705,32.207333,-31.050833,-22.45,-5.530833,57.8956576908497,28.7683388705882,28.7163652908497
"4",2024,"GB",6.70861673355103,0.0806297543940329,0.448501872659176,0.185950979238622,0.477477477477477,-0.0333142607887097,0.417153996101364,0.0812319760167142,0.448931116389549,0.0790784267579721,0.445454545454545,5.91760299625468,1068,0.117041198501873,0.0402621722846442,0.0543249519761479,0.055005110152169,0.0900185266276012,0.0351211579985605,0.0415444477178016,0.0831275720164609,0.0754953625961891,0.0682471920372569,-0.00681568353404265,0.014583857178778,-0.0863331819214173,-0.00648705428117193,-0.0157846922552805,-0.0676819351090381,0.445065176908752,-0.0244486451792279,0.487444608567208,-0.141407217936447,0.3727959697733,-0.038690362156261,0.449328449328449,-0.154306418149714,0.439516129032258,4.98975791433892,1074,0.0819366852886406,0.0716945996275605,-0.0307635185934076,-0.0380846518575125,-0.0332416797558228,-0.0427990434797787,-0.0438932675243874,-0.0470742492801316,-0.161567967377663,-0.0642141950319783,0.407695171396974,0.0442708333333333,-0.360848950101603,-0.0268509995310627,-0.00717300310888029,2142,-0.0091325213291035,0.0164121921285118,0.0137468088645295,0.0128735054844078,0.102635781207544,-0.0703473183730204,7.96901062220229,0.048738939925762,0.00313072424328283,0.0153395317206857,0.0156560261546922,0.144240443801096,0.48546511627907,5.4375,0.288441323234674,0.521739130434783,-0.0455997712107869,0.437710437710438,0.0962467745553415,0.464895635673624,0.291882862543956,0.547169811320755,0.0959302325581395,0.0377906976744186,-0.00861265845600351,0.428165007112376,4.36984352773827,0.0456304702902055,0.435374149659864,-0.0999150240173706,0.416030534351145,-0.0253890042960149,0.420542635658915,0.032169548208597,0.448087431693989,0.0554765291607397,0.0526315789473684,0.111157530030026,0.00359614902139931,0.974117581636746,0.747626875057476,4866,3329,1537,0,2489,2377,0,0,-2.81877400333209,-129.663604153276,0.7,14,10,22,46,0.478260869565217,-2.59873658782283,-189.707770911066,0.588235294117647,17,17,41,73,0.561643835616438,-27,60.0441667577902,0.504572829897397,86.7985,25.767,61.0315,26.788,6.764,20.024,60.0105,19.003,41.0075,41.9645113068376,16.3913616794872,24.7040656273504
"5",2024,"DET",6.21304035186768,0.155211514672107,0.496,0.268663579437822,0.536704730831974,0.0193792574428438,0.447265625,0.101422404737034,0.490909090909091,0.350844600154446,0.51440329218107,6.20711111111111,1125,0.114666666666667,0.0444444444444444,0.055285839184346,0.0382731958762886,0.142562334342349,0.0619834710743802,-0.0740046987501283,0.00084491896459021,-0.0489429447496642,0.0209424083769634,0.4286556642575,0.100832177531207,0.150225515463918,-0.00502577319587628,-0.0124838917525773,-0.0452393738191728,0.422119815668203,-0.0159757596600966,0.449799196787149,-0.109913692685533,0.36094674556213,0.00205619967874641,0.433451118963486,-0.21230490961497,0.385281385281385,5.37142857142857,1085,0.0866359447004608,0.0626728110599078,0.082967099927452,-0.0133943133630531,0.117545391770524,-0.00522648083623695,0.0127494493311071,-0.0256617002629272,0.03902719312883,-0.0143689643689644,0.274903625986234,-0.00677506775067749,0.169375883440252,0.0105808959443297,-0.0187799010546917,2210,0.00399447749218577,0.0218409786229019,0.0137468088645295,0.0128735054844078,0.164090542664329,-0.0533335435775452,10.0358250176557,0.0332214023607624,0.0176197689573972,0.0153395317206857,0.0156560261546922,0.093434360814167,0.468115942028985,6.04782608695652,0.151756665299615,0.5,0.0158026447085368,0.425675675675676,0.140387025857836,0.482889733840304,-0.0639685069904705,0.417177914110429,0.1,0.0434782608695652,-0.0240911490003868,0.410144927536232,4.99855072463768,0.039910876595104,0.425925925925926,-0.131257331392837,0.383720930232558,-0.0625354299135877,0.39922480620155,0.114990467604404,0.455621301775148,0.091304347826087,0.0666666666666667,0.0758689846080969,-0.0263713862370984,0.730604793910028,0.677671725023777,3892,2012,1880,0,2587,1305,0,0,-2.74646476216796,-153.802026681406,0.333333333333333,16,12,28,56,0.5,-2.80448749424193,-176.682712137242,0.583333333333333,16,12,35,63,0.555555555555556,-7,22.8806854558359,0.1922746676961,42.362884,11.3465,31.016384,23.526,14.0345,9.4915,18.836884,-2.688,21.524884,64.2671804880231,19.7952034206349,44.4719770673882
"6",2024,"SEA",6.20090389251709,-0.0155661606750541,0.44218316373728,0.0400143807538698,0.472222222222222,-0.126419318095622,0.382271468144044,-0.00920597136485871,0.445246690734055,-0.0257555182338856,0.439024390243902,5.2368177613321,1081,0.0823311748381129,0.0767807585568918,0.0184419828129169,-0.0114052457877367,-0.0401211515579302,-0.0415502543162117,0.167742254588531,0.0660035611223675,0.011483539537154,-0.026492021684954,0.0392684641664552,0.0338196286472149,-0.264714260899774,0.0108632968560014,-0.00176828209136702,-0.0182254205138973,0.437668161434978,0.0340370861750765,0.455344070278184,-0.100853411413363,0.409722222222222,0.0570330469023107,0.445486518171161,-0.266545050315104,0.4140625,5.08878923766816,1115,0.0816143497757848,0.062780269058296,-0.079342222559818,-0.0255914438225539,-0.0802448908012047,-0.0212698412698413,-0.103871980934746,-0.0414026100205357,-0.124286646713813,-0.0302868993357066,0.0667678726824086,-0.0237337900660631,-0.572278581053068,-0.0208981135986733,0.0139277570480929,2196,0.0131419612466254,0.0324840481286973,0.0137468088645295,0.0128735054844078,-0.0158346164372717,-0.036962659778065,0.773115127566952,0.0102993896947414,-0.00696983315773119,0.0153395317206857,0.0156560261546922,0.0614554414642256,0.474885844748858,6.12633181126332,0.225863044515225,0.545994065281899,-0.111686315498859,0.4,0.0610049125770279,0.473180076628352,0.0631974864947233,0.481481481481481,0.117199391171994,0.0410958904109589,-0.0631813954400084,0.416,4.428,0.00448664236064954,0.44294003868472,-0.213328929959065,0.356223175965665,-0.0587610201884997,0.415300546448087,-0.0836288086557142,0.413265306122449,0.06,0.0613333333333333,0.0668120779241764,-0.0408720305615916,0.730768299965908,0.69866446128058,6799,5112,1687,709,2595,1834,1661,0,-2.41252757394282,-180.939568045711,0.375,16,8,51,75,0.68,-2.33093333673043,-156.172533560939,0.357142857142857,13,14,40,67,0.597014925373134,8,-24.7670344847727,-0.174415735808258,66.0175,57.5925,8.425,77.9595,55.928,22.0315,-11.942,1.6645,-13.6065,39.0740100294118,14.0019917731092,25.0720182563025
"7",2024,"PHI",5.52349519729614,0.110787145805814,0.452528837622005,0.163810765752133,0.476021314387211,0.0578575393700372,0.429078014184397,0.084497188151759,0.442890442890443,0.197872722011189,0.482889733840304,5.56521739130435,1127,0.106477373558119,0.0541259982253771,0.0463661960597653,0.00655478651117219,0.0423311601781065,0.0108582985716091,0.0544021496584391,0.00399797570850202,-0.0410424843905023,-0.00863537117903929,0.318064833152256,0.0512463768115942,-0.300742707246926,-0.0198287032647514,-0.00823930975632881,-0.0855983329101328,0.400192864030858,-0.0230828200728722,0.416793893129771,-0.192791162513289,0.371727748691099,-0.0814969868491344,0.394805194805195,-0.102072553490248,0.413127413127413,4.57762777242044,1037,0.0713596914175506,0.0732883317261331,-0.119108966915952,0.00811639736684622,-0.0804789112757684,-0.0161027733073842,-0.177245434786723,0.0522148394241417,-0.14365459014678,0.0100070414906294,-0.0602497864594344,-0.00497029943023397,-0.518727558348295,-0.0261707061639737,0.00844928186714541,2164,0.0375107567675382,0.02413259207687,0.0137468088645295,0.0128735054844078,0.0861498945226837,-0.0959841161224733,8.43712362338694,0.0272935671496521,0.0696565831076626,0.0153395317206857,0.0156560261546922,0.0386425505060798,0.427921092564492,5.09104704097117,0.103518828951251,0.444155844155844,-0.0525157239515518,0.405109489051095,-0.0112148646849328,0.430861723446894,0.20131231610873,0.421383647798742,0.0910470409711684,0.0485584218512898,-0.0335296733235072,0.441011235955056,5.26544943820225,0.0325881304017177,0.449664429530201,-0.145056685644924,0.426415094339623,0.0185430406474061,0.444444444444444,-0.204323797403137,0.426900584795322,0.0898876404494382,0.047752808988764,0.0270050095111199,-0.0878467247104841,0.430061101963652,0.695078713597157,5366,1405,3961,366,1945,1370,1685,0,-1.85217638262312,-127.800170400995,0.363636363636364,7,11,51,69,0.739130434782609,-2.44070484783202,-231.866960544042,0.625,19,24,52,95,0.547368421052632,-26,104.066790143047,0.634553598433212,22.8155,6.18,13.958,86.433033,17.591016,68.527017,-63.617533,-11.411016,-54.569017,73.5360902595238,46.281104202381,27.2549860571429
"8",2024,"BUF",5.18230581283569,0.187366106933291,0.47834274952919,0.300427656729438,0.5,0.0287729827848492,0.447963800904977,0.137121957782625,0.468523002421308,0.360285397594497,0.51063829787234,5.7683615819209,1062,0.0951035781544256,0.0235404896421846,0.00894707989317481,0.00671962421193423,0.0126033492758328,-0.0161574464980038,0.0214528495105633,0.042144495412844,-0.025656699359893,-0.00910077746809451,0.12032394640494,0.0634057971014492,0.34167905456945,-0.013371839310866,-0.00853257456689645,-0.00311262587340884,0.444139194139194,0.0947853164244931,0.485119047619048,-0.159749333550052,0.378571428571429,-0.0623136236401353,0.425355450236967,0.196060044483721,0.506122448979592,5.32600732600733,1092,0.0897435897435897,0.0659340659340659,0.0512266609352565,0.0344563114960895,0.104934284704148,0.0404968944099379,-0.0443396227514407,0.0208547008547009,-0.089001003553147,0.00751168953933928,0.5612665781881,0.136748120300752,0.211050374232613,0.00956017155832142,0.00335043310066437,2154,0.015604596263906,0.0199825674854066,0.0137468088645295,0.0128735054844078,0.184635016153793,-0.00934838449428594,8.86837268061982,0.0201103069660888,-0.00123567877755696,0.0153395317206857,0.0156560261546922,0.126796065743736,0.474647887323944,5.93521126760563,0.19762920601011,0.496420047732697,0.0248060802742843,0.443298969072165,0.108644575736645,0.478102189781022,0.22435018582402,0.477707006369427,0.112676056338028,0.0633802816901408,0.0217506904651269,0.434250764525994,5.34250764525994,-0.0192450243194602,0.429347826086957,0.0745004213767634,0.440559440559441,-0.00332667251594276,0.430278884462151,0.119479332210785,0.452702702702703,0.113149847094801,0.0596330275229358,0.12234178493234,0.0383259009633695,0.70397218956566,0.625481987265429,5535,911,4624,0,2874,2273,388,0,-1.77059483062753,-53.1178449188258,0.222222222222222,6,9,15,30,0.5,-2.85505321430557,-211.273937858612,0.65,17,20,37,74,0.5,-44,158.156092939786,1.52073166288256,61.813735,21.869,38.984735,27.82083,9.1825,17.03833,33.992905,12.6865,21.946405,46.1079310114305,14.8274698,31.2804612114305
"9",2024,"HOU",4.26542663574219,-0.0395178238272711,0.390667886550778,0.0085261129386171,0.424068767908309,-0.124415717150284,0.331645569620253,-0.0706516062962843,0.37378640776699,0.0636012862591389,0.447368421052632,4.98261665141812,1093,0.0823421774931382,0.0686184812442818,-0.0433391446464804,-0.0120380241648898,-0.104167512007711,-0.0084802128367143,0.0521184591325521,-0.0287549301780194,0.0189368969643808,-0.0109141504490342,-0.253751685008883,-0.027256069628951,-0.111472172106501,-0.00604463944016183,0.0179938220982997,-0.0540018589604201,0.405703771849126,0.00500847501925949,0.416913946587537,-0.150304437900624,0.387409200968523,-0.0527381863979471,0.402424242424242,-0.0562490930415188,0.416342412451362,4.93652253909844,1087,0.0864765409383625,0.0745170193192272,0.00330050544475582,0.0377909142002018,0.0636124646149719,0.0222613596336738,-0.0856213655297512,0.0650692976274372,-0.0502989810103586,0.0290123456790123,0.164942759039159,0.0616363636363637,0.433711851896994,-0.0127910834839959,-0.00702866313202105,2180,0.0144462076613139,0.0114695525232203,0.0137468088645295,0.0128735054844078,-0.0410905260041772,-0.0517246026191109,0.300755098563814,0.00232659319766831,0.00659440373302005,0.0153395317206857,0.0156560261546922,-0.0204110293990884,0.416779431664411,4.82138024357239,0.0490445470638537,0.456842105263158,-0.145378449171427,0.34469696969697,0.00190935032997638,0.417699115044248,-0.0742888908473987,0.422619047619048,0.0717185385656292,0.0446549391069012,-0.122871418243595,0.395488721804511,4.38646616541353,-0.125188065411019,0.400462962962963,-0.118576175426739,0.386266094420601,-0.142391391510648,0.389662027833002,-0.0651811595071805,0.411392405063291,0.0706766917293233,0.0721804511278196,-0.00708159644206453,-0.114126290255929,0.520060202906717,0.612250590742309,5432,4143,1289,323,1296,3030,783,0,-2.21265192125137,-192.500717148869,0.583333333333333,13,12,62,87,0.71264367816092,-2.49617766915159,-209.678924208733,0.5,23,10,51,84,0.607142857142857,3,17.1782070598639,0.100457351227274,57.3595,32.253,23.9365,52.273667,32.737167,18.114,5.08583299999999,-0.484166999999999,5.8225,61.9399132877193,37.5301428491228,24.4097704385965
"10",2024,"NE",3.6261887550354,-0.0789844257751823,0.425531914893617,-0.0168338884307963,0.462099125364431,-0.186921814682141,0.362025316455696,-0.0722615559232356,0.423030303030303,-0.111025319945646,0.428571428571429,4.60129509713228,1081,0.0693802035152636,0.0767807585568918,0.0842553896508165,0.0556092843326886,0.158526195585143,0.0655757286192069,-0.0336564256531756,0.0446153846153846,0.0983760029059588,0.0635215540556431,0.0164565817496759,0.0230017251293847,0.782720825274017,0.0227272727272727,-0.00257898130238556,0.0837072369157185,0.45972850678733,0.18099632854093,0.49203821656051,-0.0443798690394868,0.417190775681342,0.0810995916197871,0.450704225352113,0.0931230712120897,0.48995983935743,5.28778280542986,1105,0.0805429864253394,0.0470588235294118,-0.0201910795369859,0.00363589615115839,-0.0534300527384581,-0.0329312363210668,0.012924253318882,0.0484879712874454,-0.0100657933119763,0.0195298613579808,-0.0724429474533839,-0.061046511627907,-0.387857491330547,-0.0327692145409475,-0.00711356654052557,2186,0.0179031650166339,0.0182582917960907,0.0137468088645295,0.0128735054844078,-0.0840140853074084,0.0791957539841573,-8.07242234693931,0.0449319737592362,-0.0518522579982819,0.0153395317206857,0.0156560261546922,0.106503743467027,0.460212201591512,5.76259946949602,0.278534997772756,0.534334763948498,-0.171852383291549,0.340277777777778,0.0462625486817326,0.442340791738382,0.300112759006151,0.514619883040936,0.0901856763925729,0.0649867374005305,-0.0448336130166707,0.453015427769986,5.07293127629733,-0.00609109140452755,0.474248927038627,-0.117926791442819,0.412955465587045,0.0243796017151038,0.476363636363636,-0.270069236175114,0.37888198757764,0.0771388499298738,0.0518934081346424,0.0772277958624831,0.0223581767022968,0.922511378282057,0.408252192135994,7548,5267,1718,0,4237,1591,1157,563,-2.32741454381236,-174.556090785927,0.473684210526316,11,19,45,75,0.6,-1.90187719459439,-81.780719367559,0.222222222222222,7,9,27,43,0.627906976744186,32,-92.7753714183684,-0.786231961172613,98.590393,50.40156,48.188833,39.413,15.148,21.5475,59.177393,35.25356,26.641333,68.6512913574901,24.0813487363225,44.4548756211676
"11",2024,"DEN",3.36806535720825,0.00967912694902936,0.425925925925926,0.0602083735683561,0.440177252584934,-0.0752049920616014,0.401985111662531,-0.00824729973126989,0.416767922235723,0.0710468155616673,0.45703125,5.1287037037037,1080,0.0898148148148148,0.0453703703703704,0.204724164483331,0.0410999927713581,0.340226658658741,0.0964083839483201,-0.0152630255243704,-0.0495486607803483,0.077009187732588,0.0136014577638943,0.623905116468003,0.132372052726035,0.545545607567356,-0.0168633889938763,-0.0148806757747555,-0.0982364433370973,0.404553415061296,-0.0590489875236419,0.435931307793923,-0.175288142170307,0.342857142857143,-0.12743920748998,0.389082462253194,-0.0134994950800454,0.449275362318841,4.74956217162872,1142,0.0700525394045534,0.0796847635726795,0.0279549382514671,0.00173832923832923,0.121567744785296,0.0415514206688459,-0.189102718717022,-0.101699606931296,-0.0604412931637339,-0.0125226997578692,0.293160951087908,0.0405717889426109,0.504152334152334,-0.00185503685503685,0.0146375921375922,2222,0.0135620937714144,0.014685194112919,0.0137468088645295,0.0128735054844078,0.00899053866202282,-0.0991748285854868,4.96039292964365,0.0446218386136952,0.0074263130386809,0.0153395317206857,0.0156560261546922,0.0218492225985032,0.418410041841004,5.17294281729428,0.0617846724432424,0.422222222222222,-0.0454577153420683,0.411985018726592,-0.0049723985239896,0.408759124087591,0.0922302865504459,0.439024390243902,0.0836820083682008,0.0320781032078103,-0.0716697808536782,0.379781420765027,4.12568306010929,-0.04797101190136,0.383647798742138,-0.116000419246838,0.372549019607843,-0.0317100761660992,0.396021699819168,-0.190896671151908,0.331460674157303,0.0491803278688525,0.0806010928961749,-0.0071165898604998,-0.0637565621716734,0.522229580295128,0.323917010130712,4901,1964,2661,0,661,2301,1663,276,-2.33790356403878,-112.219371073862,0.636363636363636,12,11,25,48,0.520833333333333,-2.66949645188144,-232.246191313686,0.666666666666667,15,12,60,87,0.689655172413793,-39,120.026820239824,0.88908755733203,48.3575,19.7025,28.655,32.149,15.124,14.025,16.2085,4.5785,14.63,27.3446890555556,11.9309135,15.4137755555556
"12",2024,"TB",2.22655439376831,0.132166437801458,0.494232475598935,0.208900553177872,0.526162790697674,0.0119088720179205,0.444191343963554,0.0948075225492565,0.48122866894198,0.271252094209987,0.542857142857143,6.03992901508429,1127,0.102040816326531,0.0665483584738243,0.0557389622827022,0.0148164487159288,0.117651058204888,0.0138681586735695,0.00480263341415075,0.0352510460251046,0.0507612340829438,0.0116239316239316,0.0611460623539285,0.0214609437483338,0.270036237592563,0.0208728533165275,-0.00213644241373877,0.0165401741207168,0.451905626134301,0.0929102549415393,0.488651535380507,-0.145502858555759,0.373937677053824,-0.016151156879742,0.447585394581861,0.130502397110837,0.468253968253968,5.28312159709619,1102,0.0716878402903811,0.0644283121597096,-0.121440749769851,-0.039030607966457,-0.0938718408466188,-0.0461328741569809,-0.246163809984581,-0.0527560674619498,-0.00625482063725014,-0.0103489159891599,-0.51517076772394,-0.138888888888889,-0.67662893081761,-0.00811404612159329,-0.00270691823899372,2229,0.0257455530438844,0.0276587669004704,0.0137468088645295,0.0128735054844078,0.119294390241981,0.00262821608477591,5.21190071739166,-0.0202540479716919,0.0355015557944584,0.0153395317206857,0.0156560261546922,-0.00435022033746211,0.420110192837466,4.85261707988981,0.0380255563514363,0.432671081677704,-0.0746660695684914,0.399267399267399,0.0360027456044586,0.416666666666667,-0.10039521000785,0.441340782122905,0.0840220385674931,0.0440771349862259,-0.00713471558781137,0.446064139941691,5.47521865889213,0.0476740958881604,0.4945295404814,-0.11651299875165,0.349344978165939,0.0407252470075292,0.447674418604651,-0.142944299697165,0.446428571428571,0.0816326530612245,0.0597667638483965,0.031559853788922,-0.0272967396615841,0.0175159847151437,0.37991057657364,4492,1741,2751,0,438,3484,570,0,-2.25989026903329,-158.19231883233,0.352941176470588,16,17,37,70,0.528571428571429,-2.10168152020077,-134.507617292849,0.466666666666667,7,15,42,64,0.65625,6,-23.684701539481,-0.176751504025978,25.3265,5.655,16.6715,25.514833,12.5815,12.933333,-0.188333,-6.9265,3.738167,49.3646485309524,28.2524702142857,20.2467543583333
"13",2024,"SF",1.95591485500336,0.0612798275544708,0.458646616541353,0.140843962610153,0.497659906396256,-0.0592889917615871,0.399527186761229,0.0670038267270549,0.456937799043062,0.0492468327739515,0.471111111111111,6.01973684210526,1064,0.104323308270677,0.0601503759398496,-0.0389779596519639,-0.00924306505125028,-0.0499986726278138,-0.0106858895465823,-0.0567897451353312,-0.0238824112006483,-0.0574377700363878,-0.00697103415119937,0.0108415780548243,-0.0303461356092936,-0.40045155340732,0.00148751161566375,0.0110521053059292,0.0517244285876911,0.46,0.0865195733323886,0.477310924369748,0.00622308546000973,0.437362637362637,0.0375497009474617,0.452020202020202,0.104179709788436,0.488095238095238,5.1552380952381,1050,0.0733333333333333,0.0571428571428571,0.131182181579113,0.0404517993170476,0.181436083862924,0.0547883280971,0.0857618054983657,0.0317062409754532,0.171853680491934,0.0540922523448542,0.0109500754826174,0.00094631253548671,-0.078736537956396,-0.0128710270554242,-0.0391822082129411,2114,0.00922090740538362,0.0324294083321764,0.0137468088645295,0.0128735054844078,0.064932425633495,0.0330418291200442,1.17748591396399,-0.0177841823070522,0.0111851254475261,0.0153395317206857,0.0156560261546922,0.0620683650582097,0.491677336747759,5.38028169014085,0.141038604351316,0.529787234042553,-0.0572757264779961,0.434083601286174,0.0186878408189083,0.48595041322314,0.214867729157106,0.511627906976744,0.0793854033290653,0.0460947503201024,0.0636458200425975,0.483530961791831,5.42951251646904,0.159330391656351,0.507216494845361,-0.105722855989046,0.441605839416058,0.0689652868864161,0.49,0.0757338005226093,0.474025974025974,0.069828722002635,0.0316205533596838,0.095508573519954,0.067800226315757,0.0715920485501582,0.273374249536591,7016,1627,5389,251,3687,1795,1283,0,-2.49146304397743,-154.470708726601,0.533333333333333,16,15,31,62,0.5,-2.27287340699386,-125.008037384662,0.454545454545455,11,11,33,55,0.6,7,-29.4626713419386,-0.251817703777253,42.892,22.587,16.205,140.9205,55.463,85.4575,-98.0285,-32.876,-69.2525,129.450488366516,65.0658187647059,62.3270498959276
"14",2024,"JAX",1.72236680984497,-0.0215260777993578,0.415609756097561,0.00581641130235579,0.432601880877743,-0.0666023259825446,0.387596899224806,-0.00835707787064805,0.41304347826087,-0.0716101476673517,0.419491525423729,5.09463414634146,1025,0.095609756097561,0.0575609756097561,-0.0488422878258155,-0.0223746902992186,0.00179755770254714,-0.0266233766233766,-0.132240599721264,-0.0153208556149733,-0.160736247481126,-0.0588235294117647,0.349566555274945,0.110169491525424,-0.761254049933295,-0.0325328759291024,-0.0058319039451115,0.127207069553327,0.455706984667802,0.237319633091423,0.485915492957746,-0.0412841375847074,0.40948275862069,0.0947806206839973,0.447513812154696,0.255690638542163,0.490494296577947,5.66865417376491,1174,0.105621805792164,0.0374787052810903,-0.0268322913599816,0.0384513576799453,-0.124225328541408,-0.00199362041467305,0.140804786916506,0.105435287559231,0.0355800715794534,0.0545854732208364,-0.264748835984725,-0.0281362632252063,-0.0948587052954606,-0.00697528978867606,-0.00666113995665896,2199,-0.00869269521494749,-0.018007259125372,0.0137468088645295,0.0128735054844078,4.01228999975245e-05,0.158961137543229,-7.9869890074794,-0.0119257269410436,0.0103439564628189,0.0153395317206857,0.0156560261546922,-0.00622973711690445,0.446524064171123,4.87967914438503,-0.0196210339171198,0.453333333333333,0.0139920197961724,0.436241610738255,0.0116483164114052,0.452961672473868,-0.0497367075063809,0.432748538011696,0.0735294117647059,0.0574866310160428,-0.0180588342160148,0.449929478138223,5.04372355430183,0.0219134545768526,0.495967741935484,-0.111139844738373,0.342723004694836,-0.0242716985103486,0.446296296296296,0.00632929107581545,0.463414634146341,0.0705218617771509,0.0535966149506347,0.0213520159788314,-0.0130632589581481,0.0626282434883726,0.22868403859499,6208,4515,1693,0,1319,3380,1509,0,-2.0964689718097,-115.305793449534,0.636363636363636,15,11,29,55,0.527272727272727,-1.83112365428338,-76.9071934799019,0.2,6,5,31,42,0.738095238095238,13,-38.3985999696316,-0.395861855357027,72.232,45.593,26.639,49.9395,34.1305,15.809,22.2925,11.4625,10.83,59.7644562614379,40.7694959738562,18.9949602875817
"15",2024,"BAL",1.10671019554138,0.19785233331417,0.493566176470588,0.325536547205527,0.522648083623693,0.055263347373238,0.461089494163424,0.172557199340958,0.489117983963345,0.308782564250759,0.514150943396226,6.63143382352941,1088,0.120404411764706,0.0386029411764706,-0.0306311007162162,-0.023100045853642,-0.0718425193876271,-0.0520730050310308,0.0265433058207059,0.0116575591985428,-0.0809058929067126,-0.0356760594724627,0.162734398916598,0.0277777777777778,-0.472554047857615,-0.00297199531273883,-0.00552281643258666,-0.0179564644549647,0.404293381037567,0.0550155043739272,0.44488188976378,-0.174149274139278,0.317415730337079,-0.0160497264383821,0.394957983193277,-0.0147180690883692,0.436823104693141,4.94186046511628,1118,0.0697674418604651,0.0670840787119857,-0.154441773727228,-0.0389409452491468,-0.230450506330217,-0.0654768931634318,0.0241808933092815,0.0270475227502527,-0.124596118655778,-0.0323829228319366,-0.252023435745688,-0.0681367949118966,-0.923604208684353,-0.0295225504292639,0.0150443417256121,2206,-2.82036486348164e-05,0.0160683988617029,0.0137468088645295,0.0128735054844078,0.210754042447213,-0.020278054452138,10.6280490364981,-0.0233133004459204,4.71423782443116e-08,0.0153395317206857,0.0156560261546922,0.0146246933236791,0.44131455399061,5.43661971830986,0.0490003087645763,0.479108635097493,-0.0294497564737569,0.392857142857143,0.023828183640562,0.447422680412371,-0.0152466449463262,0.421052631578947,0.103286384976526,0.0719874804381847,0.0164795435046248,0.442119944211994,5.35006973500697,0.0694615207297172,0.459340659340659,-0.0755311421343716,0.412213740458015,0.0335442612841191,0.450281425891182,-0.012640325397886,0.427777777777778,0.096234309623431,0.0404463040446304,0.0535940199242917,0.0318190280829322,0.0152241798452572,0.192495986037303,5615,1513,3750,0,2430,2296,537,352,-2.2895801359987,-93.8727855759466,0.583333333333333,5,12,24,41,0.585365853658537,-2.08459951305782,-162.59876201851,0.416666666666667,12,12,54,78,0.692307692307692,-37,68.7259764425632,0.577529213803052,22.033852,11.91,10.123852,50.91835,20.1665,30.75185,-28.884498,-8.2565,-20.627998,30.3410438047324,7.41818773684211,22.9228560678903
"16",2024,"PIT",0.51618617773056,-0.0285115868343856,0.406306306306306,0.0474657806841772,0.436187399030695,-0.12429568152683,0.368635437881874,-0.033813154320795,0.4,-0.00392511710655914,0.430232558139535,4.9045045045045,1110,0.0981981981981982,0.0621621621621622,-0.108718608812858,-0.0235080667489683,-0.123741951028108,-0.0113609991771979,-0.1096852096475,-0.0463082794093247,-0.0255269332347022,-0.00188942422575283,-0.383381703456166,-0.0944896115627823,-0.234813567382516,-0.00593809140686838,0.0163093931290126,-0.0210420202078002,0.443929564411492,0.0166608885743731,0.464705882352941,-0.0852976040972185,0.408521303258145,-0.0142934404129879,0.452694610778443,-0.034347329364437,0.417721518987342,5.15755329008341,1079,0.082483781278962,0.0648748841519926,0.111672806995041,0.0554901730022361,0.0732425574697715,0.0322796876496244,0.179785281669429,0.0964992389649924,0.139679097631518,0.066087127749528,0.0216358892479579,0.0203397088210105,0.215404744927276,-0.0124576840268884,-0.0112669523499643,2189,0.00827712753315113,0.0284071201441829,0.0137468088645295,0.0128735054844078,-0.0239152088831289,-0.0357023314874536,0.331638389146899,0.0194220149455576,0.0133829958765397,0.0153395317206857,0.0156560261546922,0.0299879479105249,0.44945567651633,5.01244167962675,0.0548319383675444,0.454081632653061,-0.0088122284207565,0.442231075697211,0.018003288455438,0.451219512195122,0.0697204904485947,0.445945945945946,0.0762052877138414,0.0544323483670296,0.0243755649282748,0.448186528497409,5.21761658031088,0.0407903318092638,0.462450592885375,-0.00684951793556139,0.421052631578947,-0.0580781375975298,0.424137931034483,0.284696555781794,0.524064171122995,0.0790155440414508,0.0660621761658031,0.0262219591196595,0.0263321007724208,0.072048545802114,0.0366668348100998,4048,1115,2933,354,2434,246,1014,0,-2.11583244303478,-141.76077368333,0.692307692307692,6,13,48,67,0.716417910447761,-2.69638738280453,-183.354342030708,0.611111111111111,17,18,33,68,0.485294117647059,-1,41.5935683473778,0.308100506276872,80.009016,45.073516,34.9355,119.167902,78.2175,40.950402,-39.158886,-33.143984,-6.014902,58.1752484222222,27.4552229333333,27.6226623222222
"17",2024,"LAC",0.0349953137338161,0.0450996801272369,0.424184261036468,0.131418195531086,0.462279293739968,-0.0832450337071264,0.367541766109785,0.0379885100239213,0.417402269861286,0.0639507305066035,0.442622950819672,5.32821497120921,1042,0.0921305182341651,0.0547024952015355,0.119732352725841,0.0828319502074689,0.150714567719015,0.0968418843772952,0.0387193431798739,0.0469647251845776,0.178681819394221,0.0982332607860709,-0.0917882808813944,0.0220905172413793,0.139745109662123,-0.00614997036158861,-0.0140263781861292,-0.0555085092641708,0.421441774491682,-0.0176485485697123,0.437589670014347,-0.124049788755177,0.392207792207792,-0.0460998744023096,0.421375921375921,-0.0775974032344092,0.424812030075188,5.10813308687616,1082,0.0859519408502773,0.0628465804066543,0.193335712944456,0.0634151711989431,0.211403177945088,0.0706304670737746,0.175374318950397,0.0565334951992054,0.181590953048763,0.063963963963964,0.228129321717329,0.0619007092198581,0.356008477375317,-0.0125371573268744,-0.0216957503027634,2124,0.0143333971810115,-0.00465352945313875,0.0137468088645295,0.0128735054844078,0.0436397884306333,-0.0371081709465025,3.57938203480204,0.0402747606798762,-0.000244686729162785,0.0153395317206857,0.0156560261546922,0.00605560024248398,0.453920220082531,5.26960110041265,0.0417218982176156,0.477894736842105,-0.0611725407820696,0.408730158730159,-0.0127441187697527,0.438405797101449,0.0596791663056859,0.5,0.078404401650619,0.0715268225584594,-0.0351472710746412,0.420647149460709,4.8613251155624,-0.0334776586832771,0.418316831683168,-0.0379004278342783,0.424489795918367,-0.0592145705793446,0.411157024793388,0.0289523039071646,0.444444444444444,0.0832049306625578,0.061633281972265,-0.0185631342827,-0.0195630526247928,0.230423712113104,-0.00714081386791156,5334,3567,1767,0,1614,1874,1846,0,-1.97561250476091,-126.439200304699,0.384615384615385,7,13,44,64,0.6875,-2.53233765044587,-182.328310832103,0.666666666666667,16,12,46,72,0.638888888888889,-8,55.8891105274043,0.410949342113267,50.818,32.873,17.63,59.681167,22.531167,37.15,-8.863167,10.341833,-19.52,33.4410449142857,13.0933427777778,20.3477021365079
"18",2024,"DAL",-0.154297530651093,-0.0897542065585504,0.414718614718615,-0.0682070604453592,0.421195652173913,-0.127603131473368,0.403341288782816,-0.064897058791307,0.415717539863326,-0.167319310059701,0.412408759124088,4.83116883116883,1155,0.0770562770562771,0.0623376623376623,-0.0692444155674648,0.00151572565365671,-0.0301746427307073,-0.0151636073423783,-0.125205179513858,0.0373743122747107,-0.0703767902598846,0.00428737928737932,-0.0676812840057161,-0.00915956933954681,-0.195149677908299,0.0106732348111658,-0.0137678413540483,0.0677716977087819,0.450092421441774,0.0551856754034712,0.452978056426332,0.0858570180483951,0.445945945945946,0.0811696799212124,0.454653937947494,0.0255177806926394,0.435684647302905,5.60720887245841,1082,0.0942698706099815,0.0683918669131238,-0.0892581063591605,0.0213342665788318,-0.138414957653615,0.0475998386446148,-0.0144816694051582,-0.0168883087215469,-0.0803542356076271,0.0215965885643541,-0.135869013135149,0.0140515222482436,-0.37403244400527,-0.0270984299516908,0.0319499341238472,2237,0.0172491920646392,0.0393110467939507,0.0137468088645295,0.0128735054844078,-0.0941298931387818,0.0422074597793607,-6.75366224713896,0.0328734654887418,0.010011538043228,0.0153395317206857,0.0156560261546922,0.124014203428789,0.476255088195387,5.79511533242877,0.209161915326533,0.5,-0.0294459313222782,0.433460076045627,0.126656945288023,0.476683937823834,0.108350933791417,0.471337579617834,0.0800542740841248,0.0447761194029851,0.125996360185516,0.494459833795014,5.77700831024931,0.181199349892289,0.509761388286334,0.0284922289409862,0.467432950191571,0.051061301745574,0.482014388489209,0.384983261008662,0.537037037037037,0.0969529085872576,0.0457063711911357,0.10679676409474,0.131324353862974,0.14118043289415,-0.0127518174447915,5558,2735,2823,0,3610,805,1143,0,-2.79184762469577,-178.678247980529,0.647058823529412,14,17,33,64,0.515625,-2.25457623847308,-164.584065408535,0.5,13,16,44,73,0.602739726027397,-9,-14.0941825719947,-0.102877245051056,35.816333,14.7375,21.078833,88.105,19.53,68.575,-52.288667,-4.7925,-47.496167,98.6671734852941,60.0661807352941,38.60099275
"19",2024,"ARI",-1.40542769432068,0.0679370707940882,0.47329650092081,0.125766732812383,0.503058103975535,-0.0196106119836078,0.428240740740741,0.0746873155109975,0.475524475524476,0.0378158841880896,0.461883408071749,5.62338858195212,1086,0.0994475138121547,0.0524861878453039,0.0432874619259879,0.0209497964721845,0.00573752294309725,0.0179661016949152,0.0701061281622572,0.00994465582843307,0.0279862969233561,0.0191060997147127,0.113457240353875,0.033816425120773,-0.205793758480326,-0.0283514246947083,-0.00319538670284938,0.0506878459608796,0.476145930776427,0.104719035784485,0.498452012383901,-0.0318278718311991,0.442080378250591,0.050064930172272,0.475271411338963,0.0486547289513257,0.476987447698745,5.46024321796071,1069,0.0935453695042095,0.0608044901777362,-0.049822912100011,-0.00747249485934748,-0.0934674133912994,-0.0344508670520232,0.00691427590419864,0.0298497267759563,0.0427021245166614,0.00584692124891178,-0.361513299973963,-0.0495495495495495,-0.231513083048919,0.0106416806223899,0.009938594817657,2155,0.0124177449995807,0.0335431339341393,0.0137468088645295,0.0128735054844078,0.0683928312789153,0.0308915208912699,1.44469675465785,0.0257471163817254,0.0327542999086257,0.0153395317206857,0.0156560261546922,-0.0153178380259871,0.426718547341115,4.75486381322957,0.0590590854334654,0.46124763705104,-0.177902104596443,0.351239669421488,-0.0161932104501192,0.411262798634812,-0.00813094392453976,0.478021978021978,0.0622568093385214,0.0622568093385214,0.0138378961996635,0.477761836441894,5.35150645624103,0.0805539397896005,0.517241379310345,-0.0969311074706518,0.412213740458015,0.0909038693707653,0.496336996336996,-0.252704075001853,0.421768707482993,0.0903873744619799,0.0530846484935438,-0.0254089282530204,-0.0035768719882766,-0.162172370159514,-0.145397266560427,4960,288,4672,0,2675,1690,595,0,-1.99750996990602,-103.870518435113,0.4,11,15,27,52,0.519230769230769,-2.27019500326654,-136.211700195993,0.4375,9,16,35,60,0.583333333333333,-8,32.3411817608798,0.288760551436427,67.1065,17.1225,49.984,20.608,4.264,16.344,46.4985,12.8585,33.64,54.5192403948731,21.6895142352941,28.792271277226
"20",2024,"CHI",-1.52815556526184,-0.0746347793332721,0.400715563506261,-0.0402246076061284,0.409459459459459,-0.141998607582178,0.383597883597884,-0.058830406903606,0.402439024390244,-0.110560103253106,0.400696864111498,4.32826475849732,1118,0.0581395348837209,0.0769230769230769,-0.0530692243944538,-0.0129437395873382,-0.046779271106869,-0.0289164050350635,-0.0779447346696071,0.0150156880322725,-0.0714310904289555,-0.0176765722924193,0.0254380883851081,0.0153021442495127,-0.128008458285275,-0.00932974496988337,0.00909265667051135,-0.00117971245628449,0.438862559241706,0.0187059983560921,0.457912457912458,-0.0268025155420799,0.414316702819957,0.0387405593476617,0.444581280788177,-0.120978790090717,0.426778242677824,5.71943127962085,1055,0.109004739336493,0.0606635071090047,0.19672036529741,0.0763770995123713,0.320667088299814,0.0917687074829932,0.0428950628015158,0.0639584135541009,0.170168512798465,0.0697939033566408,0.266922145910305,0.0968487394957983,0.809860935524653,0.0168141592920354,-0.031533321293119,2173,0.00829203600376852,0.0295995681947775,0.0137468088645295,0.0128735054844078,-0.0700533098526328,-0.0170324717865325,-2.7458452111584,0.0579397457657619,-0.0159766799779655,0.0153395317206857,0.0156560261546922,0.0589974501643827,0.450340136054422,5.54557823129252,0.116014049211928,0.452488687782805,-0.0270139381599004,0.447098976109215,0.0458438032141656,0.443060498220641,0.120234755673295,0.482352941176471,0.104761904761905,0.0340136054421769,0.0283338778630184,0.475218658892128,5.82944606413994,0.07245606426067,0.496296296296296,-0.0352585971940952,0.444839857651246,0.0856569653298068,0.49250936329588,-0.193984893007389,0.408163265306122,0.10932944606414,0.065597667638484,0.016713730553313,0.0596500895616695,0.236603013974156,-0.218930282327639,6009,4174,1835,0,1869,1543,2597,0,-1.87802709355119,-152.120194577646,0.5,7,10,65,81,0.802469135802469,-2.62831997916113,-157.699198749668,0.857142857142857,11,14,35,60,0.583333333333333,21,5.57900417202157,0.0395674054753303,103.569833,60.671833,42.898,32.718,21.4715,11.2465,70.851833,39.200333,31.6515,29.4849989436975,16.5426883638655,11.4364455798319
"21",2024,"ATL",-1.63895988464355,0.0409452171753981,0.484472049689441,0.0802448384794248,0.491365777080063,-0.0101442905198366,0.475510204081633,0.0169974628092948,0.479861910241657,0.122686868407073,0.5,5.60248447204969,1127,0.0967169476486247,0.0550133096716948,-0.0514831718716075,0.0147280229298561,-0.139923204859877,-0.00269248282552315,0.0754127773827684,0.0396630396630397,-0.0122378092448436,0.0118748609035704,-0.209290534300869,0.0157568238213399,-0.396091215471353,0.00045670729786764,-0.00228038678383571,0.0443876817771078,0.456204379562044,0.111288527235699,0.464233576642336,-0.0671137273205444,0.442822384428224,-0.00965447202797383,0.445100354191263,0.218159500143918,0.48780487804878,5.38229927007299,1096,0.0802919708029197,0.0529197080291971,0.0182016406110464,-0.0117201592808758,0.0686231724020568,0.012708805939369,-0.0805419639435779,-0.0546731234866828,-0.0401352906584682,-0.0229584062305999,0.226442467482779,0.0301346012187772,0.350401068166415,0.0254903349146782,0.0267109038616509,2223,0.014578581361606,0.0070119002787134,0.0137468088645295,0.0128735054844078,0.0392401412981999,0.0511225903629239,-0.909114343202489,0.0354555160071313,0.0180450848063124,0.0153395317206857,0.0156560261546922,-0.0158970791970072,0.452692867540029,5.29839883551674,0.0190337565109563,0.465346534653465,-0.0657630072041352,0.434628975265018,0.0589521501180989,0.472795497185741,-0.292426246192702,0.375,0.0902474526928675,0.0363901018922853,0.00553702393029702,0.45968882602546,5.04950495049505,0.0176240008129416,0.46875,-0.0117419533314904,0.446735395189003,0.0338230673878656,0.462825278810409,-0.0878432383997071,0.448484848484848,0.0806223479490806,0.0735502121640736,-0.0356965690494463,0.00283147084467032,-0.122471884099916,-0.252413031841324,4517,271,4246,0,3248,1269,0,0,-2.8460775361688,-153.688186953115,0.25,19,12,23,54,0.425925925925926,-2.16607202817435,-116.967889521415,0.416666666666667,12,12,30,54,0.555555555555556,0,-36.7202974317004,-0.340002753997226,42.357167,12.412167,29.945,44.988833,19.025,25.648833,-2.631666,-6.612833,4.296167,25.5558985671569,8.70559769411765,15.4718845318627
"22",2024,"NYG",-2.5740818977356,-0.0917535885339132,0.409791477787851,-0.0776262684185796,0.426573426573427,-0.117787181014489,0.378865979381443,-0.0975462682699328,0.397530864197531,-0.0614081498400725,0.451048951048951,4.55938349954669,1103,0.0670897552130553,0.0652765185856754,-0.055158015378372,-0.0026151633068392,-0.010560981525223,0.0230164964650432,-0.142891871923335,-0.0554095429051399,-0.0572288347913352,0.00753980192670184,-0.0919586540292575,-0.0512820512820513,-0.0833935472751257,-0.0134503583005747,0.00450113025435694,0.0706661827867676,0.460391425908667,0.176133849588997,0.492586490939044,-0.0667133746144192,0.418454935622318,0.0446902211546942,0.45609756097561,0.15566865650738,0.474103585657371,5.51537744641193,1073,0.0987884436160298,0.0605778191985089,0.032949107268004,0.00973525119866586,0.164311811405753,0.0339276384535005,-0.109713824293058,-0.0130944685566534,0.00905827170969977,-0.00795997406166898,0.126630678182165,0.0754920634920635,-0.15544437495657,-0.0210791466889028,-0.0346258077965395,2176,0.0137643572015102,0.0276129516858704,0.0137468088645295,0.0128735054844078,-0.0926444402510156,0.0568000399654268,-7.39185760266172,0.0145088256536549,0.0552058459780984,0.0153395317206857,0.0156560261546922,0.0514487329232018,0.43030303030303,5.07757575757576,0.119632779386853,0.447154471544715,-0.0492916600501203,0.405405405405405,-0.0143341660664875,0.413398692810457,0.242235612769345,0.478672985781991,0.0884848484848485,0.056969696969697,0.153477384241291,0.484316185696361,5.82308657465496,0.129213657494034,0.477317554240631,0.195897072037357,0.496551724137931,0.149728028340771,0.484126984126984,0.145894585187873,0.47239263803681,0.111668757841907,0.041405269761606,0.0525959334242391,0.113611069983878,-0.465889144477713,-0.282147484505794,6265,2727,3538,1369,3775,210,911,0,-2.68043683504324,-184.950141617984,0.642857142857143,13,14,42,69,0.608695652173913,-1.99453741231703,-121.666782151339,0.533333333333333,5,15,41,61,0.672131147540984,8,-63.2833594666448,-0.486795072820344,80.39035,25.948,54.44235,37.2705,17.969,19.3015,43.11985,7.979,35.14085,63.2800849316781,33.2031967799847,26.6796722105169
"23",2024,"WAS",-3.33807849884033,0.13965677705447,0.482456140350877,0.210471413224995,0.494920174165457,0.0314721111531593,0.463414634146341,0.0667396776021944,0.467120181405896,0.388993373797464,0.531746031746032,5.53157894736842,1140,0.0850877192982456,0.062280701754386,-0.175829905398641,-0.0181650246305419,-0.272470564552231,-0.0563464620055663,-0.0551608253144705,0.0357723577235772,-0.147121362120054,-0.0220621527063182,-0.307800851559802,-0.0158730158730158,-1.1676724137931,-0.0233374384236453,0.0355295566502463,0.0431654382698737,0.442684063373719,0.0886921907348333,0.453074433656958,-0.0186708980451705,0.428571428571429,0.028608311560736,0.438271604938272,0.112626599605405,0.466666666666667,5.1901211556384,1073,0.100652376514445,0.0587138863000932,-0.0104294744529956,-0.0511513660746546,0.041950733283792,-0.0570470853192269,-0.085088626952668,-0.0439664502164502,-0.0371483009220228,-0.047524402363112,0.0534410492287541,-0.0722468588322246,-0.604269157008255,-0.0188269546124128,-0.00197337335668028,2213,0.0187488563789177,0.0161220670644315,0.0137468088645295,0.0128735054844078,0.13378142615996,0.0407901800699717,4.04192295962535,0.0276621248462941,0.0440033449595631,0.0153395317206857,0.0156560261546922,0.0478265821267018,0.477678571428571,5.41964285714286,0.109610460971096,0.503685503685504,-0.0470641299097827,0.437735849056604,0.0475780298895285,0.477495107632094,0.0552392897780291,0.483870967741935,0.0833333333333333,0.0595238095238095,0.143262621421742,0.477761836441894,6.12912482065997,0.265314293194161,0.515075376884422,-0.0192008078940518,0.42809364548495,0.169452117381054,0.476722532588454,0.0554247442136452,0.480769230769231,0.109038737446198,0.0516499282639885,0.0358204834350999,0.114598808182865,-0.435613769822549,-0.402533197798933,3266,2047,1219,0,1294,1458,514,0,-1.9040029593429,-146.608227869403,0.466666666666667,10,15,52,77,0.675324675324675,-2.42795703480129,-160.245164296885,0.615384615384615,11,13,42,66,0.636363636363636,11,13.6369364274819,0.0953631918005728,59.144667,11.645667,43.174,58.503352,17.624,40.879352,0.641314999999999,-5.978333,2.294648,37.7235368039645,15.4979344714286,21.4064115
"24",2024,"CAR",-4.3313627243042,-0.040874779960394,0.41812865497076,-0.0431817232014276,0.417168674698795,-0.036643259761371,0.419889502762431,-0.0177686180306023,0.419270833333333,-0.108498915382852,0.41897233201581,4.94931773879142,1026,0.0750487329434698,0.0614035087719298,0.240430959388621,0.0436684378482616,0.327018440039764,0.0668737454928567,0.081618779701077,0.00109970674486803,0.0915519414611876,0.0127777740058525,0.674389493038014,0.133958724202627,0.4300053629908,0.00273474495365388,-0.0137269743223043,0.154675348970869,0.50628667225482,0.202647568738121,0.502369668246445,0.100449607698242,0.510714285714286,0.119904173618453,0.492584745762712,0.287185046829616,0.557377049180328,5.79044425817267,1193,0.104777870913663,0.0444258172673931,0.0224451717088701,0.0550370666411488,-0.0607250938500881,0.0142563344847553,0.110056585293634,0.102051282051282,0.0601392432152994,0.058910221559227,-0.129375248130339,0.0385237068965517,0.118475342380934,0.0398135691488463,0.0352541189847624,2219,0.0152740856380376,0.0229326047054912,0.0137468088645295,0.0128735054844078,-0.0432753601140238,0.145489553129907,-9.37195096350188,0.0312832763246844,0.0261033858301281,0.0153395317206857,0.0156560261546922,-0.032553393485827,0.448051948051948,4.80649350649351,-0.0296924087310677,0.466377440347072,-0.0368217234921183,0.420711974110032,-0.0347705693301371,0.451557093425606,-0.012009268340148,0.446236559139785,0.0805194805194805,0.0545454545454545,0.0606138455894521,0.424827586206897,5.43448275862069,0.135870085579583,0.456057007125891,-0.0436061446600388,0.381578947368421,-0.0253125389622832,0.403284671532847,0.326645815840022,0.491525423728814,0.0882758620689655,0.0413793103448276,-0.0481806436558192,0.0498499914800096,-0.516794197192059,-0.606724986368288,6127,3260,2867,0,2302,2806,1019,0,-2.6781349566511,-160.688097399066,0.583333333333333,15,12,33,60,0.55,-2.34786106252183,-110.349469938526,0.625,9,8,30,47,0.638297872340426,13,-50.3386274605398,-0.470454462248036,46.146167,8.8005,34.575667,22.071,7.877,11.6975,24.075167,0.9235,22.878167,84.4801235890453,34.7126820339367,49.7674415551086
"25",2024,"MIN",-4.41396951675415,0.0369802593821981,0.461891643709826,0.133242456520484,0.506686478454681,-0.118751612430462,0.389423076923077,0.0314279307774281,0.462616822429907,0.0617077315592037,0.461206896551724,5.43709825528007,1089,0.0955004591368228,0.0651974288337925,0.0457711098169897,0.0172400828508343,0.0671654605178175,0.02072707542051,-0.0191240928883917,-0.00273509028115804,0.064415885889267,0.0175845538692646,-0.0349878725461076,0.01161995898838,-0.295234709851183,-0.0222166016118999,-0.0244724411601851,-0.0889275870247095,0.414222222222222,-0.0334265508603925,0.441333333333333,-0.199929659353343,0.36,-0.0769731194194656,0.411971830985915,-0.137754448155107,0.415730337078652,5.08444444444444,1125,0.0755555555555556,0.0711111111111111,0.0849953597950301,0.0354962049877304,0.0876873164482175,0.0312186586432794,0.107485250603764,0.0578160319944357,0.0577767628122595,0.0369376087496893,0.171986560211978,0.0295774647887324,0.120698510529018,0.00042800890258518,-0.022256462934429,2214,0.0136508053288949,0.013555919400529,0.0137468088645295,0.0128735054844078,0.036202959537711,-0.088736697560709,5.73465182802351,0.0080070231973635,0.0214919939965748,0.0153395317206857,0.0156560261546922,-0.110373695754073,0.433697347893916,4.86583463338534,-0.112425318815383,0.423444976076555,-0.106528052527045,0.452914798206278,-0.034615131203033,0.455670103092783,-0.358762916191324,0.364238410596026,0.0889235569422777,0.0920436817472699,-0.0142126299949674,0.435714285714286,4.96571428571429,0.0260050403516398,0.451086956521739,-0.0587912525478333,0.418674698795181,-0.0476242795271195,0.439252336448598,0.0882752960398279,0.420731707317073,0.0785714285714286,0.0571428571428571,-0.102724692796745,-0.0203650922708566,-0.622526294346441,-0.578179287216153,3166,2355,811,0,1888,656,622,0,-2.47521223308777,-190.591341947758,0.538461538461538,13,13,52,77,0.675324675324675,-2.46378547609067,-197.102838087254,0.5,24,10,46,80,0.575,-3,6.51149613949539,0.0414744977037923,90.236833,42.027,48.209833,96.7125,78.905,17.8075,-6.475667,-36.878,30.402333,53.8077278814408,41.9464932814408,11.2364294888889
"26",2024,"MIA",-4.71007537841797,-0.040264588847688,0.442273534635879,0.0872765071879864,0.484195402298851,-0.246703200105431,0.374418604651163,-0.00073449439683537,0.44919168591224,-0.172419038803283,0.419607843137255,4.92184724689165,1126,0.0728241563055062,0.0621669626998224,0.127334366681324,0.0492036405005688,0.179120453231101,0.0973460232275376,-0.0424073668824205,-0.0564102564102564,0.0476869635638564,0.0558680124887729,0.365640031001088,0.0136581764488741,0.205663000884844,-0.0273100745796992,-0.00152951586398685,-0.021281321918789,0.43170964660936,0.0259861978851193,0.464339908952959,-0.101563011482643,0.376288659793814,-0.0152051148085211,0.437422552664188,-0.0479830485042365,0.408510638297872,5.12034383954155,1047,0.0850047755491882,0.0515759312320917,-0.056513526879534,0.00348832921567904,-0.122664714047563,-0.0152570003835827,0.00737989290549224,0.00533447135388881,-0.124656192702424,-0.0101329602852333,0.174617723269831,0.0496296296296296,-0.105933109627935,-0.031070467200118,0.0202330469412589,2173,0.028247369296132,-0.00415903308970552,0.0137468088645295,0.0128735054844078,-0.0556384526594122,-0.00337547996455395,-2.73010908774522,0.0148571871291581,0.0277451843946447,0.0153395317206857,0.0156560261546922,-0.00990112846926242,0.414556962025316,5.23259493670886,0.000114343257641748,0.43455497382199,-0.025204769267972,0.384,-0.0060529281426425,0.413721413721414,-0.0293270317064187,0.413333333333333,0.0965189873417722,0.0617088607594937,0.10184954625558,0.476401179941003,5.67109144542773,0.232838861227448,0.533678756476684,-0.0713075618921629,0.400684931506849,0.094146447520252,0.478682170542636,0.121480663149895,0.465408805031447,0.110619469026549,0.0427728613569322,-0.00910228944372831,0.0894438935816211,-0.587733187415009,-0.565908192438153,5069,1783,3286,242,3551,905,371,0,-2.54912950092696,-155.496899556545,0.5,10,16,35,61,0.573770491803279,-2.47938392027756,-121.4898120936,0.571428571428571,10,7,32,49,0.653061224489796,12,-34.0070874629444,-0.309155340572221,68.429576,32.3075,34.384576,64.7235,29.7355,33.818,3.706076,2.572,0.566576000000005,96.2440856870933,48.7842334246499,46.5570082624434
"27",2024,"CLE",-5.39405202865601,-0.175499949458271,0.372448979591837,-0.191209663966237,0.377613776137761,-0.140315382254481,0.360881542699725,-0.159084331774754,0.37054085155351,-0.236012228263095,0.37123745819398,4.36139455782313,1176,0.0578231292517007,0.0833333333333333,-0.020064733231666,0.0206026373001199,-0.0281861421610455,0.0229479473389628,-0.0049565054794114,0.0163770053475936,-0.00832794196576317,0.0251674285106835,-0.0607733313345648,0.00535071942446042,0.819737082715323,0.00690818213219009,-0.00711136395960744,0.0173144563538842,0.413167938931298,0.0961040021497977,0.439868204283361,-0.0911328323039831,0.376417233560091,0.0359538117832414,0.4214463840399,-0.0397649256787304,0.387755102040816,5.57442748091603,1048,0.110687022900763,0.0524809160305343,0.0249091007099143,0.021105630234025,0.0608337375428413,0.0520336880590194,-0.0165082698260736,-0.0186777471510264,0.0212808590912205,0.0186988071880158,0.0482368464825212,0.0339909357504665,0.174860638674089,-0.0271977891770299,-0.0214264620634591,2224,0.00795579788759886,0.028975763016198,0.0137468088645295,0.0128735054844078,-0.170582241861462,0.00208550220221574,-8.40501754098863,0.0332271447668297,0.00155784420165736,0.0153395317206857,0.0156560261546922,-0.170316094207583,0.338440111420613,3.96378830083565,-0.213533952434449,0.345733041575492,-0.0946434458946409,0.325670498084291,-0.15589496714652,0.320610687022901,-0.205445558840766,0.38860103626943,0.064066852367688,0.0571030640668524,-0.102242044756059,0.388379204892966,4.61467889908257,-0.0469099496622281,0.435567010309278,-0.182952018050819,0.319548872180451,-0.121011868264522,0.378048780487805,-0.0452373955822066,0.419753086419753,0.0856269113149847,0.0871559633027523,-0.18788721281972,-0.0884603572370305,-0.545064287142964,-0.771174146562218,7193,3781,3412,1179,2184,0,3830,0,-2.60237388774667,-247.225519335934,0.533333333333333,23,15,57,95,0.6,-2.07601344923986,-105.876685911233,0.636363636363636,4,11,36,51,0.705882352941177,44,-141.348833424701,-0.968142694689732,48.0545,20.9705,27.084,57.392,27.389,27.3255,-9.33750000000001,-6.4185,-0.241500000000002,95.5830112767157,67.4638119433824,26.4257943921569
"28",2024,"NO",-5.77656364440918,-0.0587562649884413,0.405555555555556,-0.0736841192893463,0.400304414003044,-0.0355704487338441,0.41371158392435,-0.0584875533669891,0.402692778457772,-0.0536078574775538,0.416988416988417,5.04907407407407,1080,0.0842592592592593,0.0527777777777778,-0.0164505057510122,-0.0160574629763159,0.0411467992400286,0.00186921102555521,-0.103052423585448,-0.0428801843317972,0.0477508843407382,-0.00384311820775912,-0.232280239071425,-0.0627098321342925,0.079552387819624,0.0120500305064064,0.00170558544567086,0.0356715706020807,0.446753246753247,0.0478558186933945,0.446778711484594,0.0159446927399537,0.44671201814059,0.0247928938405275,0.437219730941704,0.0730249133838625,0.478599221789883,5.61558441558442,1155,0.0943722943722944,0.051948051948052,0.0884155275387263,0.0127865961199294,0.157780809821997,0.0224096688908473,-0.0196516708416404,-0.00269836038559779,0.0520333606550903,-0.00874049206853272,0.192197479634165,0.0709831254585473,-0.35002519526329,-0.0121567145376669,-0.018896447467876,2235,0.0231078853136016,0.015576651564523,0.0137468088645295,0.0128735054844078,-0.068990644817635,0.0338417279020872,-5.16451570506991,0.00891599460078792,0.0476559356897587,0.0153395317206857,0.0156560261546922,-0.118733583054542,0.422594142259414,4.56345885634589,-0.0904487005322852,0.456521739130435,-0.169360221032122,0.361867704280156,-0.0581967420473414,0.428571428571429,-0.298400763201071,0.406779661016949,0.0557880055788006,0.0585774058577406,0.0184738769990138,0.456934306569343,5.10802919708029,0.13258738440466,0.506849315068493,-0.111686842385552,0.4,-0.00536579057395256,0.454716981132075,0.0875325146962045,0.457516339869281,0.0875912408759124,0.0510948905109489,-0.111993551500638,-0.0138425269700593,-0.84680584695226,-0.678880363881991,6456,3581,2875,1131,2921,1232,1172,0,-2.38485223327,-131.16687282985,0.416666666666667,12,12,31,55,0.563636363636364,-2.30914147768782,-138.548488661269,0.25,14,12,34,60,0.566666666666667,-5,7.38161583141951,0.064187963751474,47.2515,17.505,29.7465,42.816167,11.836167,30.98,4.435333,5.668833,-1.2335,84.6228076705882,72.2430312,12.3797764705882
"29",2024,"NYJ",-6.67024850845337,0.00067939553857198,0.429245283018868,0.053103944255922,0.446175637393768,-0.10387351800507,0.395480225988701,0.00517802448941661,0.417705735660848,-0.0197173348177744,0.461847389558233,4.98962264150943,1060,0.0877358490566038,0.0584905660377358,-0.0064454770131582,0.0160428189626835,-0.0450908296420577,0.00301725871987774,0.0649932133981604,0.0402145633250891,-0.0024568962462286,0.0118220140515222,-0.0604549502371701,0.00808642773968171,0.0801712186825601,-0.00640998156326374,-0.00427332104217582,0.0460098984691627,0.442666666666667,0.11345486340038,0.446319018404908,-0.0469586367002962,0.437632135306554,0.00569422722599116,0.439724454649828,0.190909493429597,0.453815261044177,4.76088888888889,1125,0.0826666666666667,0.0542222222222222,0.130879762198063,0.0782685613194088,0.252960839060458,0.124751430160121,-0.0452296986993135,0.0135815794207591,0.08289031089893,0.0826541506781255,0.339899194943289,0.0764575741801145,0.706100553558181,-0.0103292815157222,-0.0242253038863208,2185,0.0102079357347576,0.00541964795372536,0.0137468088645295,0.0128735054844078,0.00334496528822224,0.0543370593799669,-2.75452985654633,0.0285295964006107,0.0167545136738402,0.0153395317206857,0.0156560261546922,-0.0684057464766111,0.429210134128167,4.61251862891207,-0.0398961272472261,0.435643564356436,-0.111543896921074,0.419475655430712,-0.0625194449845278,0.436619718309859,-0.108976597176621,0.395209580838323,0.0774962742175857,0.0730253353204173,0.0902761835768109,0.413793103448276,5.10632183908046,0.191575472782296,0.447236180904523,-0.0450161556976297,0.369127516778524,0.067187789502819,0.41254752851711,0.161714391123397,0.417647058823529,0.0890804597701149,0.0344827586206897,-0.0812793167225297,0.0888612016236563,-0.900824664247961,-1.05623264009821,5899,3738,2161,0,2394,1977,1528,0,-2.34951568929313,-138.621425668295,0.461538461538462,11,13,35,59,0.593220338983051,-2.08768766636513,-116.910509316447,0.538461538461538,7,13,36,56,0.642857142857143,3,-21.7109163518473,-0.188790576972586,67.043667,33.1815,28.990667,128.473393,59.124393,66.6715,-61.429726,-25.942893,-37.680833,48.5718898539916,18.2953185336134,27.921536710084
"30",2024,"CIN",-6.73397064208984,0.10661220139558,0.480786416443253,0.190755808750877,0.528645833333333,-0.0774968882023334,0.376068376068376,0.0967783495355325,0.479908151549943,0.146910290640187,0.487704918032787,5.56657730116175,1119,0.0732797140303843,0.0607685433422699,0.0415133562412624,0.0380253310305124,-0.00052229939068834,0.00538619275461383,0.0707769930820327,0.0740438051650866,0.0711142315142417,0.049175995517923,-0.0520775052471827,-0.00020157226365652,0.0749856073690269,-0.0122721166762618,0.00649587411245442,0.0546957458358575,0.463392857142857,0.0867300415823933,0.469653179190751,0.00290197794659865,0.453271028037383,0.0509438712075068,0.452546296296296,0.0635760103275672,0.49802371541502,5.30089285714286,1120,0.0848214285714286,0.05625,-0.00955149653791059,-0.00478945676631309,0.0142706710589831,0.0205287427505,-0.0619328342164016,-0.0493145767427251,0.0166329735908195,0.00500743038056467,-0.108000876472613,-0.0370631161182948,0.491578270652523,0.0350691096110575,0.0191256830601093,2239,0.0121807171346451,-0.0101451154621062,0.0137468088645295,0.0128735054844078,0.107304989745343,0.0785876701624932,0.961655915466326,-0.0105781380906729,0.0117887130100958,0.0153395317206857,0.0156560261546922,-0.0223553895598831,0.451183431952663,5.02366863905325,-0.048892136815444,0.450643776824034,0.0365309162548377,0.452380952380952,-0.0692775536871894,0.443378119001919,0.130410277161478,0.473684210526316,0.0739644970414201,0.0636094674556213,0.188640163692363,0.504697986577181,6.15570469798658,0.273715042278635,0.532258064516129,0.0699183074015513,0.466237942122186,0.172645633490348,0.494017094017094,0.244460040502908,0.54140127388535,0.104697986577181,0.0335570469798658,0.0038787746854819,0.192190982402953,-1.12103103495445,-1.06479508891575,4727,1557,3170,0,2788,0,1939,0,-2.37517009426761,-156.761226221662,0.555555555555556,9,18,39,66,0.590909090909091,-2.38224254237038,-142.934552542223,0.5,15,12,33,60,0.55,6,-13.8266736794396,-0.109735505392378,22.8295,9.259,13.5705,36.0085,12.4935,21.6325,-13.179,-3.2345,-8.062,59.1876285176471,31.9201049495798,24.5121622857143
"31",2024,"TEN",-8.79356002807617,-0.10151835832338,0.404783808647654,-0.0543203687849582,0.427258805513017,-0.17253284488695,0.370967741935484,-0.096959734887298,0.395180722891566,-0.126821642454769,0.430830039525692,4.76632934682613,1087,0.0827966881324747,0.0818767249310028,0.0948663169836805,0.0130178516987907,0.201344086953824,0.00980613589309243,-0.0758754262280439,0.0124936257011729,0.0361556225549659,-0.00279892456259545,0.271704876686245,0.0518625360591998,0.571298397750754,-0.00043358964804714,0.0161817011618848,0.0498009385137633,0.436660268714012,0.115944584405061,0.471502590673575,-0.0329143335619633,0.393088552915767,0.00630973434282918,0.423899371069182,0.190899343382825,0.477551020408163,5.09021113243762,1042,0.0882917466410749,0.0499040307101727,0.169689429993162,0.0811864860046354,0.174521609983009,0.0965327029156816,0.190162524202882,0.0753959102091021,0.0892704047628406,0.0517045309345531,0.437003485076414,0.180075087154733,0.985989778332442,0.0110313781422714,-0.00907767278778154,2129,0.00608374334528356,0.0200970688291899,0.0137468088645295,0.0128735054844078,-0.0947285961842557,0.0434506785491029,-6.84216819820193,-0.053599727298189,0.0379161528836654,0.0153395317206857,0.0156560261546922,-0.161254838683354,0.38622754491018,4.08532934131737,-0.144806623931151,0.406047516198704,-0.19840373346516,0.341463414634146,-0.127006417093302,0.391480730223124,-0.257737534934187,0.371428571428571,0.0703592814371257,0.0793413173652695,0.117895452576909,0.458702064896755,5.74631268436578,0.197598663185434,0.496259351620948,0.00251282638911701,0.404332129963899,0.0960996563752367,0.454372623574144,0.200872169495165,0.47682119205298,0.0973451327433628,0.0486725663716814,-0.091999085230473,0.0953188314139296,-1.63814475338261,-1.16648585864217,7612,5487,2125,3000,1404,2288,920,0,-2.48960987662785,-199.168790130228,0.571428571428571,21,14,45,80,0.5625,-2.06548115781052,-99.1430955749047,0.3,11,10,27,48,0.5625,32,-100.025694555323,-0.781450738713463,82.200254,46.333,33.149754,33.1685,16.304,12.8195,49.031754,30.029,20.330254,65.8784998350045,12.9491658235294,52.2049367173574
"32",2024,"LV",-9.27891445159912,-0.131707551949765,0.409584086799277,-0.0592168909454005,0.446979865771812,-0.281307392526639,0.332409972299169,-0.121750625297156,0.401425178147268,-0.163781953498977,0.436293436293436,4.67902350813743,1106,0.0714285714285714,0.0687160940325497,0.118719614110694,0.0182914257101059,0.0843741150858783,-0.0109640586479823,0.176943824252942,0.0721589159223899,0.0267597924497412,0.0133937898439838,0.444644649632826,0.0467836257309941,0.479114916233844,0.0240449283757646,-0.021357996812337,0.0142493579530086,0.433579335793358,0.0864363516677201,0.473684210526316,-0.100319498419982,0.369928400954654,-0.0170374272278932,0.426014319809069,0.130213504289404,0.462809917355372,5.22047970479705,1084,0.0848708487084871,0.0516605166051661,0.00424123799677822,-0.0344691236825241,0.0551091123590286,-0.016779130560631,-0.0964575212176109,-0.0736658399926517,-0.0234162849167171,-0.0552878026496117,0.0527582010226235,0.0177632028421125,0.0624821041436583,0.009967139799021,0.0112079191720866,2190,0.00846796446300361,0.0231831952323698,0.0137468088645295,0.0128735054844078,-0.127302010928361,0.0048129715851683,-6.50035338869976,0.0118628830735223,0.0306041026023665,0.0153395317206857,0.0156560261546922,-0.175243636162112,0.400894187779434,4.41877794336811,-0.11236999462722,0.440639269406393,-0.293435288489507,0.32618025751073,-0.168422517908912,0.399193548387097,-0.193080877802077,0.406976744186047,0.0745156482861401,0.0834575260804769,0.0191480974408773,0.44822695035461,5.03971631205674,0.0981862649384419,0.46875,-0.0946231056005997,0.418685121107266,-0.0223564629340076,0.439252336448598,0.171921441253125,0.48780487804878,0.075177304964539,0.0439716312056738,-0.171450493080943,0.00388352655919651,-1.21119436967523,-1.18692389266368,7575,5569,2006,561,2229,2431,2354,0,-2.81022746822725,-199.526150244135,1,16,10,45,71,0.633802816901408,-2.55054283969355,-130.077684824371,0.5,10,6,35,51,0.686274509803922,20,-69.448465419764,-0.569249716555442,78.855125,51.3635,27.491625,57.429384,14.0865,43.342884,21.425741,37.277,-15.851259,61.3548784509804,15.9386138235294,45.416264627451
